who,amount,block
0x0000000000000000000000000000000000000024,0,0
0x0000000000000000000000000000000000000027,1136,0
0x000000000000000000000000000000000000002E,2,0
0x0000000000000000000000000000000000000030,1,0
0x0000000000000000000000000000000000000038,0,0
0x000000000000000000000000000000000000003c,9,0
0x0000000000000000000000000000000000000045,0,0
0x0000000000000000000000000000000000000047,10,0
0x000000000000000000000000000000000000004e,0,0
0x0000000000000000000000000000000000000053,0,0
0x000000000000000000000000000000000000005d,1,0
0x0000000000000000000000000000000000000067,0,0
0x0000000000000000000000000000000000000071,10,0
0x0000000000000000000000000000000000000075,0,0
0x000000000000000000000000000000000000007a,0,0
0x000000000000000000000000000000000000008D,2,0
0x000000000000000000000000000000000000008e,0,0
0x0000000000000000000000000000000000000090,166,0
0x0000000000000000000000000000000000000093,1,0
0x0000000000000000000000000000000000000097,2,0
0x00000000000000000000000000000000000000A1,0,0
0x00000000000000000000000000000000000000A2,10,0
0x00000000000000000000000000000000000000A3,5,0
0x00000000000000000000000000000000000000a4,0,0
0x00000000000000000000000000000000000000A5,5,0
0x00000000000000000000000000000000000000AE,0,0
0x00000000000000000000000000000000000000Af,0,0
0x00000000000000000000000000000000000000B4,2,0
0x00000000000000000000000000000000000000B8,0,0
0x00000000000000000000000000000000000000Bf,3,0
0x00000000000000000000000000000000000000C7,5,0
0x00000000000000000000000000000000000000C8,11,0
0x00000000000000000000000000000000000000C9,0,0
0x00000000000000000000000000000000000000ca,0,0
0x00000000000000000000000000000000000000CE,8,0
0x00000000000000000000000000000000000000CF,0,0
0x00000000000000000000000000000000000000D6,0,0
0x00000000000000000000000000000000000000E3,6,0
0x00000000000000000000000000000000000000E4,1,0
0x00000000000000000000000000000000000000E9,0,0
0x00000000000000000000000000000000000000ec,1,0
0x00000000000000000000000000000000000000eE,0,0
0x00000000000000000000000000000000000000EF,2,0
0x00000000000000000000000000000000000000F2,8,0
0x00000000000000000000000000000000000000f3,3,0
0x00000000000000000000000000000000000000F4,2,0
0x00000000000000000000000000000000000000ff,11,0
0x0000000000000000000000000000000000000101,0,0
0x0000000000000000000000000000000000000102,0,0
0x0000000000000000000000000000000000000103,0,0
0x0000000000000000000000000000000000000106,0,0
0x0000000000000000000000000000000000000108,2,0
0x0000000000000000000000000000000000000109,4,0
0x000000000000000000000000000000000000010B,2,0
0x000000000000000000000000000000000000011e,0,0
0x0000000000000000000000000000000000000123,0,0
0x0000000000000000000000000000000000000127,6,0
0x0000000000000000000000000000000000000129,0,0
0x000000000000000000000000000000000000012B,0,0
0x000000000000000000000000000000000000012D,2,0
0x0000000000000000000000000000000000000132,0,0
0x0000000000000000000000000000000000000134,0,0
0x0000000000000000000000000000000000000136,1,0
0x0000000000000000000000000000000000000137,1,0
0x0000000000000000000000000000000000000139,62,0
0x000000000000000000000000000000000000013c,0,0
0x0000000000000000000000000000000000000142,0,0
0x0000000000000000000000000000000000000147,0,0
0x0000000000000000000000000000000000000150,0,0
0x0000000000000000000000000000000000000153,3,0
0x0000000000000000000000000000000000000155,9,0
0x000000000000000000000000000000000000015a,0,0
0x000000000000000000000000000000000000015b,2,0
0x000000000000000000000000000000000000015F,0,0
0x0000000000000000000000000000000000000164,15,0
0x0000000000000000000000000000000000000165,1,0
0x0000000000000000000000000000000000000169,1,0
0x000000000000000000000000000000000000016C,45,0
0x0000000000000000000000000000000000000174,0,0
0x0000000000000000000000000000000000000176,2,0
0x0000000000000000000000000000000000000179,0,0
0x000000000000000000000000000000000000017a,156,0
0x000000000000000000000000000000000000017b,0,0
0x000000000000000000000000000000000000017C,13,0
0x000000000000000000000000000000000000017D,0,0
0x000000000000000000000000000000000000017E,0,0
0x000000000000000000000000000000000000017f,55,0
0x0000000000000000000000000000000000000180,0,0
0x0000000000000000000000000000000000000181,0,0
0x000000000000000000000000000000000000018f,1,0
0x0000000000000000000000000000000000000191,22,0
0x0000000000000000000000000000000000000193,13,0
0x0000000000000000000000000000000000000196,1,0
0x000000000000000000000000000000000000019a,0,0
0x000000000000000000000000000000000000019B,1,0
0x000000000000000000000000000000000000019D,0,0
0x000000000000000000000000000000000000019e,0,0
0x000000000000000000000000000000000000019F,6,0
0x00000000000000000000000000000000000001A6,3,0
0x00000000000000000000000000000000000001A9,0,0
0x00000000000000000000000000000000000001aa,0,0
0x00000000000000000000000000000000000001ac,0,0
0x00000000000000000000000000000000000001Ae,0,0
0x00000000000000000000000000000000000001AF,16,0
0x00000000000000000000000000000000000001b0,12,0
0x00000000000000000000000000000000000001B1,22,0
0x00000000000000000000000000000000000001B2,3,0
0x00000000000000000000000000000000000001B3,0,0
0x00000000000000000000000000000000000001b5,3,0
0x00000000000000000000000000000000000001B6,3,0
0x00000000000000000000000000000000000001b7,3,0
0x00000000000000000000000000000000000001B9,0,0
0x00000000000000000000000000000000000001BA,0,0
0x00000000000000000000000000000000000001bB,1,0
0x00000000000000000000000000000000000001bc,0,0
0x00000000000000000000000000000000000001bd,4,0
0x00000000000000000000000000000000000001c0,6,0
0x00000000000000000000000000000000000001c2,0,0
0x00000000000000000000000000000000000001c3,0,0
0x00000000000000000000000000000000000001C4,0,0
0x00000000000000000000000000000000000001c5,0,0
0x00000000000000000000000000000000000001c6,15,0
0x00000000000000000000000000000000000001C7,0,0
0x00000000000000000000000000000000000001c8,0,0
0x00000000000000000000000000000000000001C9,0,0
0x00000000000000000000000000000000000001CD,0,0
0x00000000000000000000000000000000000001cE,3,0
0x00000000000000000000000000000000000001CF,0,0
0x00000000000000000000000000000000000001D0,4,0
0x00000000000000000000000000000000000001d1,1,0
0x00000000000000000000000000000000000001D4,2,0
0x00000000000000000000000000000000000001D5,0,0
0x00000000000000000000000000000000000001d7,0,0
0x00000000000000000000000000000000000001D8,14,0
0x00000000000000000000000000000000000001D9,0,0
0x00000000000000000000000000000000000001Da,7,0
0x00000000000000000000000000000000000001Db,4,0
0x00000000000000000000000000000000000001DC,0,0
0x00000000000000000000000000000000000001Dd,0,0
0x00000000000000000000000000000000000001E5,0,0
0x00000000000000000000000000000000000001e6,6,0
0x00000000000000000000000000000000000001E8,0,0
0x00000000000000000000000000000000000001e9,0,0
0x00000000000000000000000000000000000001ec,1,0
0x00000000000000000000000000000000000001Ed,0,0
0x00000000000000000000000000000000000001EE,8,0
0x00000000000000000000000000000000000001F0,48,0
0x00000000000000000000000000000000000001f1,0,0
0x00000000000000000000000000000000000001F5,0,0
0x00000000000000000000000000000000000001F8,0,0
0x00000000000000000000000000000000000001f9,1,0
0x00000000000000000000000000000000000001fa,22,0
0x00000000000000000000000000000000000001fB,0,0
0x00000000000000000000000000000000000001fc,27,0
0x0000000000000000000000000000000000000200,6,0
0x0000000000000000000000000000000000000201,2,0
0x0000000000000000000000000000000000000202,5,0
0x0000000000000000000000000000000000000208,3,0
0x0000000000000000000000000000000000000209,2,0
0x000000000000000000000000000000000000020B,18,0
0x000000000000000000000000000000000000020d,2,0
0x000000000000000000000000000000000000020E,0,0
0x0000000000000000000000000000000000000210,9,0
0x0000000000000000000000000000000000000214,4,0
0x0000000000000000000000000000000000000215,16,0
0x0000000000000000000000000000000000000218,4,0
0x000000000000000000000000000000000000021f,3,0
0x0000000000000000000000000000000000000222,11,0
0x0000000000000000000000000000000000000229,0,0
0x000000000000000000000000000000000000022c,2,0
0x0000000000000000000000000000000000000232,1,0
0x0000000000000000000000000000000000000236,0,0
0x0000000000000000000000000000000000000237,1,0
0x0000000000000000000000000000000000000238,9,0
0x0000000000000000000000000000000000000239,0,0
0x000000000000000000000000000000000000023E,0,0
0x0000000000000000000000000000000000000241,0,0
0x0000000000000000000000000000000000000242,1,0
0x0000000000000000000000000000000000000244,129,0
0x0000000000000000000000000000000000000245,0,0
0x0000000000000000000000000000000000000247,0,0
0x0000000000000000000000000000000000000248,1,0
0x000000000000000000000000000000000000024c,7,0
0x000000000000000000000000000000000000024D,1,0
0x0000000000000000000000000000000000000250,0,0
0x0000000000000000000000000000000000000256,7,0
0x0000000000000000000000000000000000000259,18,0
0x000000000000000000000000000000000000025B,0,0
0x000000000000000000000000000000000000025D,49,0
0x0000000000000000000000000000000000000260,3,0
0x0000000000000000000000000000000000000263,0,0
0x0000000000000000000000000000000000000268,0,0
0x0000000000000000000000000000000000000269,0,0
0x000000000000000000000000000000000000026b,0,0
0x000000000000000000000000000000000000026c,2,0
0x000000000000000000000000000000000000026e,0,0
0x000000000000000000000000000000000000026F,9,0
0x000000000000000000000000000000000000027f,8,0
0x0000000000000000000000000000000000000283,0,0
0x0000000000000000000000000000000000000286,2,0
0x0000000000000000000000000000000000000288,0,0
0x0000000000000000000000000000000000000293,11,0
0x0000000000000000000000000000000000000295,0,0
0x0000000000000000000000000000000000000299,2,0
0x000000000000000000000000000000000000029A,27,0
0x00000000000000000000000000000000000002A6,16,0
0x00000000000000000000000000000000000002A9,19,0
0x00000000000000000000000000000000000002AB,0,0
0x00000000000000000000000000000000000002Ac,1,0
0x00000000000000000000000000000000000002b9,3,0
0x00000000000000000000000000000000000002be,0,0
0x00000000000000000000000000000000000002Bf,4,0
0x00000000000000000000000000000000000002c4,0,0
0x00000000000000000000000000000000000002c6,11,0
0x00000000000000000000000000000000000002C7,5,0
0x00000000000000000000000000000000000002C8,0,0
0x00000000000000000000000000000000000002ce,2,0
0x00000000000000000000000000000000000002cF,0,0
0x00000000000000000000000000000000000002d4,0,0
0x00000000000000000000000000000000000002d5,0,0
0x00000000000000000000000000000000000002D9,0,0
0x00000000000000000000000000000000000002dD,0,0
0x00000000000000000000000000000000000002E1,0,0
0x00000000000000000000000000000000000002e5,0,0
0x00000000000000000000000000000000000002e8,0,0
0x00000000000000000000000000000000000002Ec,3,0
0x00000000000000000000000000000000000002EE,15,0
0x00000000000000000000000000000000000002F4,0,0
0x00000000000000000000000000000000000002f5,19,0
0x00000000000000000000000000000000000002F6,0,0
0x00000000000000000000000000000000000002FE,0,0
0x00000000000000000000000000000000000002FF,6,0
0x0000000000000000000000000000000000000300,0,0
0x0000000000000000000000000000000000000302,0,0
0x0000000000000000000000000000000000000304,24,0
0x0000000000000000000000000000000000000305,11,0
0x0000000000000000000000000000000000000309,0,0
0x000000000000000000000000000000000000030C,0,0
0x000000000000000000000000000000000000030E,0,0
0x0000000000000000000000000000000000000318,0,0
0x0000000000000000000000000000000000000319,0,0
0x000000000000000000000000000000000000031a,2,0
0x0000000000000000000000000000000000000327,5,0
0x0000000000000000000000000000000000000332,0,0
0x0000000000000000000000000000000000000345,0,0
0x000000000000000000000000000000000000034B,1,0
0x000000000000000000000000000000000000034e,0,0
0x0000000000000000000000000000000000000353,1,0
0x0000000000000000000000000000000000000354,2,0
0x000000000000000000000000000000000000035B,0,0
0x000000000000000000000000000000000000035f,3,0
0x0000000000000000000000000000000000000361,0,0
0x0000000000000000000000000000000000000364,0,0
0x0000000000000000000000000000000000000365,0,0
0x000000000000000000000000000000000000036e,5,0
0x0000000000000000000000000000000000000373,1,0
0x0000000000000000000000000000000000000380,0,0
0x000000000000000000000000000000000000038c,0,0
0x000000000000000000000000000000000000039B,0,0
0x000000000000000000000000000000000000039C,2,0
0x000000000000000000000000000000000000039f,1,0
0x00000000000000000000000000000000000003a5,0,0
0x00000000000000000000000000000000000003a6,0,0
0x00000000000000000000000000000000000003a7,18,0
0x00000000000000000000000000000000000003Ab,0,0
0x00000000000000000000000000000000000003B0,0,0
0x00000000000000000000000000000000000003B4,1,0
0x00000000000000000000000000000000000003B6,1,0
0x00000000000000000000000000000000000003b7,0,0
0x00000000000000000000000000000000000003BA,0,0
0x00000000000000000000000000000000000003BF,0,0
0x00000000000000000000000000000000000003C1,6,0
0x00000000000000000000000000000000000003c2,1,0
0x00000000000000000000000000000000000003C8,0,0
0x00000000000000000000000000000000000003Ca,0,0
0x00000000000000000000000000000000000003CB,0,0
0x00000000000000000000000000000000000003f4,0,0
0x00000000000000000000000000000000000003F8,0,0
0x00000000000000000000000000000000000003FE,1,0
0x0000000000000000000000000000000000000400,3,0
0x0000000000000000000000000000000000000418,1,0
0x0000000000000000000000000000000000000419,0,0
0x000000000000000000000000000000000000041D,0,0
0x000000000000000000000000000000000000041E,0,0
0x000000000000000000000000000000000000041F,0,0
0x0000000000000000000000000000000000000425,0,0
0x0000000000000000000000000000000000000429,2,0
0x000000000000000000000000000000000000042A,1,0
0x0000000000000000000000000000000000000430,11,0
0x0000000000000000000000000000000000000434,1,0
0x0000000000000000000000000000000000000438,1,0
0x0000000000000000000000000000000000000439,3,0
0x0000000000000000000000000000000000000449,0,0
0x000000000000000000000000000000000000044C,0,0
0x000000000000000000000000000000000000044d,8,0
0x000000000000000000000000000000000000044f,0,0
0x0000000000000000000000000000000000000450,1,0
0x000000000000000000000000000000000000045B,0,0
0x0000000000000000000000000000000000000468,2,0
0x000000000000000000000000000000000000046d,3,0
0x0000000000000000000000000000000000000478,0,0
0x000000000000000000000000000000000000047b,0,0
0x0000000000000000000000000000000000000486,7,0
0x0000000000000000000000000000000000000488,0,0
0x000000000000000000000000000000000000048e,0,0
0x0000000000000000000000000000000000000495,0,0
0x0000000000000000000000000000000000000497,0,0
0x000000000000000000000000000000000000049c,5,0
0x00000000000000000000000000000000000004A0,0,0
0x00000000000000000000000000000000000004A2,5,0
0x00000000000000000000000000000000000004A9,36,0
0x00000000000000000000000000000000000004aB,0,0
0x00000000000000000000000000000000000004B7,3,0
0x00000000000000000000000000000000000004Bd,0,0
0x00000000000000000000000000000000000004C4,0,0
0x00000000000000000000000000000000000004d6,3,0
0x00000000000000000000000000000000000004d9,2,0
0x00000000000000000000000000000000000004DF,0,0
0x00000000000000000000000000000000000004f2,1,0
0x00000000000000000000000000000000000004f8,0,0
0x0000000000000000000000000000000000000500,0,0
0x0000000000000000000000000000000000000505,2,0
0x000000000000000000000000000000000000050A,4,0
0x0000000000000000000000000000000000000517,7,0
0x0000000000000000000000000000000000000520,4,0
0x0000000000000000000000000000000000000525,121,0
0x000000000000000000000000000000000000052D,1,0
0x000000000000000000000000000000000000053a,7,0
0x0000000000000000000000000000000000000540,37,0
0x0000000000000000000000000000000000000541,1,0
0x0000000000000000000000000000000000000546,1,0
0x0000000000000000000000000000000000000547,0,0
0x0000000000000000000000000000000000000551,2,0
0x0000000000000000000000000000000000000553,7,0
0x0000000000000000000000000000000000000554,0,0
0x000000000000000000000000000000000000055F,0,0
0x0000000000000000000000000000000000000566,11,0
0x0000000000000000000000000000000000000567,0,0
0x000000000000000000000000000000000000056A,1,0
0x000000000000000000000000000000000000057d,0,0
0x000000000000000000000000000000000000057E,0,0
0x000000000000000000000000000000000000058B,5,0
0x000000000000000000000000000000000000058d,6,0
0x0000000000000000000000000000000000000594,2,0
0x0000000000000000000000000000000000000596,4,0
0x000000000000000000000000000000000000059d,0,0
0x00000000000000000000000000000000000005A1,0,0
0x00000000000000000000000000000000000005A2,16,0
0x00000000000000000000000000000000000005A3,0,0
0x00000000000000000000000000000000000005a9,0,0
0x00000000000000000000000000000000000005aE,0,0
0x00000000000000000000000000000000000005AF,2,0
0x00000000000000000000000000000000000005B1,0,0
0x00000000000000000000000000000000000005B6,4,0
0x00000000000000000000000000000000000005ba,0,0
0x00000000000000000000000000000000000005BB,1,0
0x00000000000000000000000000000000000005bc,0,0
0x00000000000000000000000000000000000005bD,0,0
0x00000000000000000000000000000000000005c0,0,0
0x00000000000000000000000000000000000005C3,2,0
0x00000000000000000000000000000000000005c4,0,0
0x00000000000000000000000000000000000005C5,0,0
0x00000000000000000000000000000000000005D2,0,0
0x00000000000000000000000000000000000005d9,0,0
0x00000000000000000000000000000000000005E0,0,0
0x00000000000000000000000000000000000005e2,0,0
0x00000000000000000000000000000000000005e7,1,0
0x00000000000000000000000000000000000005e9,0,0
0x00000000000000000000000000000000000005EA,0,0
0x00000000000000000000000000000000000005Ed,0,0
0x00000000000000000000000000000000000005ee,0,0
0x00000000000000000000000000000000000005F4,0,0
0x00000000000000000000000000000000000005Fa,82,0
0x00000000000000000000000000000000000005fD,0,0
0x0000000000000000000000000000000000000600,10,0
0x0000000000000000000000000000000000000603,0,0
0x0000000000000000000000000000000000000611,0,0
0x0000000000000000000000000000000000000618,9,0
0x000000000000000000000000000000000000061A,0,0
0x0000000000000000000000000000000000000623,0,0
0x0000000000000000000000000000000000000626,0,0
0x000000000000000000000000000000000000062A,89,0
0x000000000000000000000000000000000000062b,2,0
0x000000000000000000000000000000000000062e,9,0
0x0000000000000000000000000000000000000630,0,0
0x0000000000000000000000000000000000000633,1,0
0x0000000000000000000000000000000000000638,0,0
0x000000000000000000000000000000000000063c,0,0
0x000000000000000000000000000000000000063D,0,0
0x000000000000000000000000000000000000063e,0,0
0x0000000000000000000000000000000000000644,13,0
0x0000000000000000000000000000000000000646,0,0
0x0000000000000000000000000000000000000647,0,0
0x000000000000000000000000000000000000064a,1,0
0x000000000000000000000000000000000000064f,0,0
0x0000000000000000000000000000000000000652,1,0
0x000000000000000000000000000000000000065a,0,0
0x000000000000000000000000000000000000065C,2,0
0x000000000000000000000000000000000000065e,0,0
0x0000000000000000000000000000000000000666,8,0
0x0000000000000000000000000000000000000669,0,0
0x000000000000000000000000000000000000066e,0,0
0x0000000000000000000000000000000000000670,3,0
0x000000000000000000000000000000000000067C,0,0
0x0000000000000000000000000000000000000683,0,0
0x0000000000000000000000000000000000000689,0,0
0x000000000000000000000000000000000000068B,9,0
0x000000000000000000000000000000000000068C,0,0
0x000000000000000000000000000000000000069c,0,0
0x000000000000000000000000000000000000069d,0,0
0x00000000000000000000000000000000000006a1,0,0
0x00000000000000000000000000000000000006Ad,0,0
0x00000000000000000000000000000000000006C3,0,0
0x00000000000000000000000000000000000006D9,0,0
0x00000000000000000000000000000000000006Df,2,0
0x00000000000000000000000000000000000006e4,0,0
0x00000000000000000000000000000000000006E9,0,0
0x00000000000000000000000000000000000006eB,0,0
0x00000000000000000000000000000000000006f0,0,0
0x00000000000000000000000000000000000006f2,3,0
0x0000000000000000000000000000000000000714,0,0
0x0000000000000000000000000000000000000715,2,0
0x000000000000000000000000000000000000071c,0,0
0x0000000000000000000000000000000000000723,0,0
0x0000000000000000000000000000000000000726,0,0
0x0000000000000000000000000000000000000727,0,0
0x000000000000000000000000000000000000072D,0,0
0x0000000000000000000000000000000000000736,0,0
0x0000000000000000000000000000000000000738,3,0
0x0000000000000000000000000000000000000739,14,0
0x000000000000000000000000000000000000073e,0,0
0x0000000000000000000000000000000000000746,0,0
0x0000000000000000000000000000000000000758,0,0
0x000000000000000000000000000000000000075C,0,0
0x000000000000000000000000000000000000075d,1,0
0x000000000000000000000000000000000000075e,0,0
0x0000000000000000000000000000000000000762,0,0
0x000000000000000000000000000000000000076b,2,0
0x000000000000000000000000000000000000076c,0,0
0x000000000000000000000000000000000000077B,0,0
0x000000000000000000000000000000000000077d,0,0
0x0000000000000000000000000000000000000780,26,0
0x0000000000000000000000000000000000000781,4,0
0x0000000000000000000000000000000000000783,0,0
0x0000000000000000000000000000000000000786,0,0
0x000000000000000000000000000000000000078A,0,0
0x000000000000000000000000000000000000078c,0,0
0x000000000000000000000000000000000000078d,0,0
0x0000000000000000000000000000000000000795,15,0
0x000000000000000000000000000000000000079F,0,0
0x00000000000000000000000000000000000007A2,0,0
0x00000000000000000000000000000000000007A5,2,0
0x00000000000000000000000000000000000007A6,1,0
0x00000000000000000000000000000000000007aA,2,0
0x00000000000000000000000000000000000007Ab,0,0
0x00000000000000000000000000000000000007B1,2,0
0x00000000000000000000000000000000000007b3,0,0
0x00000000000000000000000000000000000007B6,1,0
0x00000000000000000000000000000000000007c0,0,0
0x00000000000000000000000000000000000007c2,0,0
0x00000000000000000000000000000000000007cC,0,0
0x00000000000000000000000000000000000007CE,5,0
0x00000000000000000000000000000000000007DB,0,0
0x00000000000000000000000000000000000007dE,0,0
0x00000000000000000000000000000000000007dF,6,0
0x00000000000000000000000000000000000007e4,0,0
0x00000000000000000000000000000000000007e8,5,0
0x00000000000000000000000000000000000007ED,0,0
0x00000000000000000000000000000000000007F9,0,0
0x00000000000000000000000000000000000007fe,0,0
0x0000000000000000000000000000000000000804,4,0
0x000000000000000000000000000000000000080D,0,0
0x0000000000000000000000000000000000000810,0,0
0x0000000000000000000000000000000000000812,0,0
0x0000000000000000000000000000000000000816,1,0
0x000000000000000000000000000000000000081B,13,0
0x000000000000000000000000000000000000081D,1,0
0x0000000000000000000000000000000000000825,1,0
0x000000000000000000000000000000000000082b,0,0
0x000000000000000000000000000000000000082d,0,0
0x000000000000000000000000000000000000082F,1,0
0x0000000000000000000000000000000000000832,0,0
0x0000000000000000000000000000000000000833,5,0
0x0000000000000000000000000000000000000836,0,0
0x0000000000000000000000000000000000000839,0,0
0x000000000000000000000000000000000000083a,0,0
0x000000000000000000000000000000000000083E,3,0
0x0000000000000000000000000000000000000840,0,0
0x0000000000000000000000000000000000000845,1,0
0x000000000000000000000000000000000000085b,1,0
0x0000000000000000000000000000000000000860,0,0
0x0000000000000000000000000000000000000867,2,0
0x0000000000000000000000000000000000000869,0,0
0x000000000000000000000000000000000000086A,0,0
0x0000000000000000000000000000000000000872,0,0
0x0000000000000000000000000000000000000873,0,0
0x000000000000000000000000000000000000087c,2,0
0x0000000000000000000000000000000000000883,0,0
0x0000000000000000000000000000000000000884,0,0
0x0000000000000000000000000000000000000886,462,0
0x0000000000000000000000000000000000000888,0,0
0x0000000000000000000000000000000000000892,8,0
0x0000000000000000000000000000000000000896,2,0
0x0000000000000000000000000000000000000899,0,0
0x000000000000000000000000000000000000089e,2,0
0x000000000000000000000000000000000000089f,4,0
0x00000000000000000000000000000000000008A3,0,0
0x00000000000000000000000000000000000008A5,0,0
0x00000000000000000000000000000000000008A6,0,0
0x00000000000000000000000000000000000008b3,0,0
0x00000000000000000000000000000000000008b4,18,0
0x00000000000000000000000000000000000008B9,0,0
0x00000000000000000000000000000000000008bd,0,0
0x00000000000000000000000000000000000008C4,1,0
0x00000000000000000000000000000000000008C8,18,0
0x00000000000000000000000000000000000008c9,0,0
0x00000000000000000000000000000000000008cF,2,0
0x00000000000000000000000000000000000008d1,0,0
0x00000000000000000000000000000000000008D4,0,0
0x00000000000000000000000000000000000008d5,0,0
0x00000000000000000000000000000000000008D7,0,0
0x00000000000000000000000000000000000008dD,0,0
0x00000000000000000000000000000000000008e0,0,0
0x00000000000000000000000000000000000008E3,0,0
0x00000000000000000000000000000000000008eA,1,0
0x00000000000000000000000000000000000008EB,0,0
0x00000000000000000000000000000000000008EC,0,0
0x00000000000000000000000000000000000008f0,0,0
0x00000000000000000000000000000000000008f5,0,0
0x00000000000000000000000000000000000008F6,0,0
0x00000000000000000000000000000000000008F7,0,0
0x00000000000000000000000000000000000008fa,0,0
0x00000000000000000000000000000000000008Fc,0,0
0x00000000000000000000000000000000000008Fd,0,0
0x00000000000000000000000000000000000008FF,0,0
0x0000000000000000000000000000000000000901,0,0
0x0000000000000000000000000000000000000904,2,0
0x0000000000000000000000000000000000000907,0,0
0x0000000000000000000000000000000000000908,0,0
0x000000000000000000000000000000000000090a,11,0
0x000000000000000000000000000000000000090f,0,0
0x0000000000000000000000000000000000000911,0,0
0x0000000000000000000000000000000000000912,1,0
0x0000000000000000000000000000000000000915,0,0
0x0000000000000000000000000000000000000917,0,0
0x0000000000000000000000000000000000000919,1,0
0x000000000000000000000000000000000000091b,1,0
0x0000000000000000000000000000000000000920,0,0
0x0000000000000000000000000000000000000926,1,0
0x0000000000000000000000000000000000000928,0,0
0x000000000000000000000000000000000000092A,0,0
0x0000000000000000000000000000000000000930,0,0
0x0000000000000000000000000000000000000931,0,0
0x0000000000000000000000000000000000000933,0,0
0x0000000000000000000000000000000000000935,0,0
0x0000000000000000000000000000000000000937,0,0
0x000000000000000000000000000000000000093D,4,0
0x0000000000000000000000000000000000000940,0,0
0x0000000000000000000000000000000000000942,0,0
0x0000000000000000000000000000000000000943,0,0
0x000000000000000000000000000000000000094e,0,0
0x0000000000000000000000000000000000000957,1,0
0x0000000000000000000000000000000000000959,1,0
0x000000000000000000000000000000000000095A,0,0
0x000000000000000000000000000000000000095B,1,0
0x0000000000000000000000000000000000000963,7,0
0x0000000000000000000000000000000000000965,0,0
0x000000000000000000000000000000000000096C,0,0
0x0000000000000000000000000000000000000979,0,0
0x000000000000000000000000000000000000097a,0,0
0x000000000000000000000000000000000000097B,0,0
0x0000000000000000000000000000000000000983,0,0
0x0000000000000000000000000000000000000984,0,0
0x000000000000000000000000000000000000098E,1,0
0x0000000000000000000000000000000000000990,0,0
0x0000000000000000000000000000000000000993,12,0
0x000000000000000000000000000000000000099a,0,0
0x00000000000000000000000000000000000009a0,0,0
0x00000000000000000000000000000000000009A5,0,0
0x00000000000000000000000000000000000009A8,6,0
0x00000000000000000000000000000000000009ab,0,0
0x00000000000000000000000000000000000009AC,0,0
0x00000000000000000000000000000000000009AD,0,0
0x00000000000000000000000000000000000009B2,0,0
0x00000000000000000000000000000000000009B4,0,0
0x00000000000000000000000000000000000009b7,8,0
0x00000000000000000000000000000000000009b9,5,0
0x00000000000000000000000000000000000009BC,0,0
0x00000000000000000000000000000000000009BE,13,0
0x00000000000000000000000000000000000009C0,0,0
0x00000000000000000000000000000000000009C2,0,0
0x00000000000000000000000000000000000009C3,1,0
0x00000000000000000000000000000000000009c5,2,0
0x00000000000000000000000000000000000009C9,7,0
0x00000000000000000000000000000000000009CD,0,0
0x00000000000000000000000000000000000009CE,3,0
0x00000000000000000000000000000000000009D0,2,0
0x00000000000000000000000000000000000009d4,0,0
0x00000000000000000000000000000000000009D9,0,0
0x00000000000000000000000000000000000009Da,0,0
0x00000000000000000000000000000000000009E2,1,0
0x00000000000000000000000000000000000009e3,6,0
0x00000000000000000000000000000000000009e8,0,0
0x00000000000000000000000000000000000009eB,0,0
0x00000000000000000000000000000000000009ec,0,0
0x00000000000000000000000000000000000009ef,0,0
0x00000000000000000000000000000000000009F0,5,0
0x00000000000000000000000000000000000009F1,0,0
0x00000000000000000000000000000000000009F4,0,0
0x0000000000000000000000000000000000000A0b,53,0
0x0000000000000000000000000000000000000a0C,2,0
0x0000000000000000000000000000000000000A0d,0,0
0x0000000000000000000000000000000000000a0e,0,0
0x0000000000000000000000000000000000000a10,0,0
0x0000000000000000000000000000000000000A12,0,0
0x0000000000000000000000000000000000000a1A,0,0
0x0000000000000000000000000000000000000a1d,1,0
0x0000000000000000000000000000000000000A1e,0,0
0x0000000000000000000000000000000000000a2A,0,0
0x0000000000000000000000000000000000000A2f,0,0
0x0000000000000000000000000000000000000A37,2,0
0x0000000000000000000000000000000000000A39,0,0
0x0000000000000000000000000000000000000a3a,0,0
0x0000000000000000000000000000000000000a3C,0,0
0x0000000000000000000000000000000000000A3E,0,0
0x0000000000000000000000000000000000000A43,1,0
0x0000000000000000000000000000000000000a48,0,0
0x0000000000000000000000000000000000000A49,0,0
0x0000000000000000000000000000000000000a55,2,0
0x0000000000000000000000000000000000000A5B,0,0
0x0000000000000000000000000000000000000a5E,1,0
0x0000000000000000000000000000000000000a5f,0,0
0x0000000000000000000000000000000000000A61,0,0
0x0000000000000000000000000000000000000a63,0,0
0x0000000000000000000000000000000000000A6B,0,0
0x0000000000000000000000000000000000000a71,0,0
0x0000000000000000000000000000000000000a76,0,0
0x0000000000000000000000000000000000000A7E,5,0
0x0000000000000000000000000000000000000A88,0,0
0x0000000000000000000000000000000000000a8D,0,0
0x0000000000000000000000000000000000000A8E,0,0
0x0000000000000000000000000000000000000a91,0,0
0x0000000000000000000000000000000000000A95,0,0
0x0000000000000000000000000000000000000a9c,6,0
0x0000000000000000000000000000000000000aA3,1,0
0x0000000000000000000000000000000000000aA5,0,0
0x0000000000000000000000000000000000000Aa6,15,0
0x0000000000000000000000000000000000000Aad,0,0
0x0000000000000000000000000000000000000Ab5,0,0
0x0000000000000000000000000000000000000aC3,0,0
0x0000000000000000000000000000000000000AC6,0,0
0x0000000000000000000000000000000000000AC7,0,0
0x0000000000000000000000000000000000000ad0,0,0
0x0000000000000000000000000000000000000AD4,0,0
0x0000000000000000000000000000000000000ad5,0,0
0x0000000000000000000000000000000000000Ad7,0,0
0x0000000000000000000000000000000000000adD,0,0
0x0000000000000000000000000000000000000ae1,0,0
0x0000000000000000000000000000000000000Af4,0,0
0x0000000000000000000000000000000000000Af9,0,0
0x0000000000000000000000000000000000000B00,0,0
0x0000000000000000000000000000000000000B01,0,0
0x0000000000000000000000000000000000000B0b,1,0
0x0000000000000000000000000000000000000b0D,0,0
0x0000000000000000000000000000000000000b0e,0,0
0x0000000000000000000000000000000000000B10,0,0
0x0000000000000000000000000000000000000b14,0,0
0x0000000000000000000000000000000000000B16,15,0
0x0000000000000000000000000000000000000b19,0,0
0x0000000000000000000000000000000000000b20,0,0
0x0000000000000000000000000000000000000b29,0,0
0x0000000000000000000000000000000000000b2a,0,0
0x0000000000000000000000000000000000000B2b,0,0
0x0000000000000000000000000000000000000B2d,0,0
0x0000000000000000000000000000000000000b2e,0,0
0x0000000000000000000000000000000000000b31,0,0
0x0000000000000000000000000000000000000b36,0,0
0x0000000000000000000000000000000000000B3B,0,0
0x0000000000000000000000000000000000000B3d,0,0
0x0000000000000000000000000000000000000b48,0,0
0x0000000000000000000000000000000000000b49,3,0
0x0000000000000000000000000000000000000b4A,2,0
0x0000000000000000000000000000000000000b50,0,0
0x0000000000000000000000000000000000000b53,0,0
0x0000000000000000000000000000000000000b66,0,0
0x0000000000000000000000000000000000000B6F,0,0
0x0000000000000000000000000000000000000B7C,20,0
0x0000000000000000000000000000000000000b7E,0,0
0x0000000000000000000000000000000000000B82,0,0
0x0000000000000000000000000000000000000b86,0,0
0x0000000000000000000000000000000000000B8C,6,0
0x0000000000000000000000000000000000000B8e,0,0
0x0000000000000000000000000000000000000B93,0,0
0x0000000000000000000000000000000000000B98,0,0
0x0000000000000000000000000000000000000b99,0,0
0x0000000000000000000000000000000000000B9a,5,0
0x0000000000000000000000000000000000000B9b,4,0
0x0000000000000000000000000000000000000b9C,4,0
0x0000000000000000000000000000000000000BA0,13,0
0x0000000000000000000000000000000000000BA7,2,0
0x0000000000000000000000000000000000000ba8,0,0
0x0000000000000000000000000000000000000bAc,4,0
0x0000000000000000000000000000000000000BaE,4,0
0x0000000000000000000000000000000000000BB2,2,0
0x0000000000000000000000000000000000000BB3,0,0
0x0000000000000000000000000000000000000Bb6,4,0
0x0000000000000000000000000000000000000bB9,4,0
0x0000000000000000000000000000000000000bBB,0,0
0x0000000000000000000000000000000000000BC0,0,0
0x0000000000000000000000000000000000000bC2,2,0
0x0000000000000000000000000000000000000Bc7,2,0
0x0000000000000000000000000000000000000bC8,759,0
0x0000000000000000000000000000000000000Bce,1,0
0x0000000000000000000000000000000000000bcf,0,0
0x0000000000000000000000000000000000000bD2,0,0
0x0000000000000000000000000000000000000BD3,0,0
0x0000000000000000000000000000000000000Bd4,0,0
0x0000000000000000000000000000000000000Bd8,3,0
0x0000000000000000000000000000000000000BD9,3,0
0x0000000000000000000000000000000000000bDe,0,0
0x0000000000000000000000000000000000000bE5,1,0
0x0000000000000000000000000000000000000bE7,0,0
0x0000000000000000000000000000000000000BEF,0,0
0x0000000000000000000000000000000000000bf7,0,0
0x0000000000000000000000000000000000000BF8,0,0
0x0000000000000000000000000000000000000C05,0,0
0x0000000000000000000000000000000000000c0b,8,0
0x0000000000000000000000000000000000000c0D,0,0
0x0000000000000000000000000000000000000C10,0,0
0x0000000000000000000000000000000000000c13,0,0
0x0000000000000000000000000000000000000c22,0,0
0x0000000000000000000000000000000000000c23,0,0
0x0000000000000000000000000000000000000c31,0,0
0x0000000000000000000000000000000000000C34,1,0
0x0000000000000000000000000000000000000c39,4,0
0x0000000000000000000000000000000000000C3E,1,0
0x0000000000000000000000000000000000000c40,0,0
0x0000000000000000000000000000000000000c44,0,0
0x0000000000000000000000000000000000000c48,0,0
0x0000000000000000000000000000000000000c4D,0,0
0x0000000000000000000000000000000000000c50,0,0
0x0000000000000000000000000000000000000C54,0,0
0x0000000000000000000000000000000000000C56,9,0
0x0000000000000000000000000000000000000C59,0,0
0x0000000000000000000000000000000000000C5c,0,0
0x0000000000000000000000000000000000000C63,4,0
0x0000000000000000000000000000000000000C64,0,0
0x0000000000000000000000000000000000000C6a,6,0
0x0000000000000000000000000000000000000c6D,0,0
0x0000000000000000000000000000000000000c72,6,0
0x0000000000000000000000000000000000000c87,7,0
0x0000000000000000000000000000000000000c8d,0,0
0x0000000000000000000000000000000000000C93,1,0
0x0000000000000000000000000000000000000c9B,0,0
0x0000000000000000000000000000000000000ca3,0,0
0x0000000000000000000000000000000000000Ca4,0,0
0x0000000000000000000000000000000000000cA7,2,0
0x0000000000000000000000000000000000000cA8,0,0
0x0000000000000000000000000000000000000caE,0,0
0x0000000000000000000000000000000000000cb0,2,0
0x0000000000000000000000000000000000000cb4,1,0
0x0000000000000000000000000000000000000cC8,0,0
0x0000000000000000000000000000000000000CcC,5,0
0x0000000000000000000000000000000000000cD2,3,0
0x0000000000000000000000000000000000000cd8,3,0
0x0000000000000000000000000000000000000Cdb,10,0
0x0000000000000000000000000000000000000cE5,0,0
0x0000000000000000000000000000000000000cEb,0,0
0x0000000000000000000000000000000000000CF1,0,0
0x0000000000000000000000000000000000000CF5,0,0
0x0000000000000000000000000000000000000CFb,2,0
0x0000000000000000000000000000000000000cff,0,0
0x0000000000000000000000000000000000000d06,2,0
0x0000000000000000000000000000000000000d0c,0,0
0x0000000000000000000000000000000000000d13,1,0
0x0000000000000000000000000000000000000d18,3,0
0x0000000000000000000000000000000000000d37,0,0
0x0000000000000000000000000000000000000d42,0,0
0x0000000000000000000000000000000000000D43,4,0
0x0000000000000000000000000000000000000d45,0,0
0x0000000000000000000000000000000000000d46,0,0
0x0000000000000000000000000000000000000d47,0,0
0x0000000000000000000000000000000000000d4b,0,0
0x0000000000000000000000000000000000000d52,0,0
0x0000000000000000000000000000000000000d53,1,0
0x0000000000000000000000000000000000000d64,0,0
0x0000000000000000000000000000000000000D6a,8,0
0x0000000000000000000000000000000000000d6b,0,0
0x0000000000000000000000000000000000000d6e,1,0
0x0000000000000000000000000000000000000D77,0,0
0x0000000000000000000000000000000000000d7B,1,0
0x0000000000000000000000000000000000000D81,0,0
0x0000000000000000000000000000000000000D87,0,0
0x0000000000000000000000000000000000000D89,0,0
0x0000000000000000000000000000000000000D90,5,0
0x0000000000000000000000000000000000000d95,0,0
0x0000000000000000000000000000000000000D9C,0,0
0x0000000000000000000000000000000000000Da1,0,0
0x0000000000000000000000000000000000000dA4,0,0
0x0000000000000000000000000000000000000dac,1,0
0x0000000000000000000000000000000000000DAF,2,0
0x0000000000000000000000000000000000000DB6,0,0
0x0000000000000000000000000000000000000dC1,0,0
0x0000000000000000000000000000000000000dC7,0,0
0x0000000000000000000000000000000000000ddd,0,0
0x0000000000000000000000000000000000000dDe,0,0
0x0000000000000000000000000000000000000dE4,0,0
0x0000000000000000000000000000000000000de7,0,0
0x0000000000000000000000000000000000000DE8,0,0
0x0000000000000000000000000000000000000DE9,0,0
0x0000000000000000000000000000000000000DeD,0,0
0x0000000000000000000000000000000000000dF0,4,0
0x0000000000000000000000000000000000000DF4,1,0
0x0000000000000000000000000000000000000DF8,0,0
0x0000000000000000000000000000000000000DFD,0,0
0x0000000000000000000000000000000000000e01,1,0
0x0000000000000000000000000000000000000e08,2,0
0x0000000000000000000000000000000000000e0A,0,0
0x0000000000000000000000000000000000000E0D,0,0
0x0000000000000000000000000000000000000E0F,0,0
0x0000000000000000000000000000000000000e19,0,0
0x0000000000000000000000000000000000000e20,0,0
0x0000000000000000000000000000000000000E24,0,0
0x0000000000000000000000000000000000000E33,0,0
0x0000000000000000000000000000000000000e35,1,0
0x0000000000000000000000000000000000000e37,1,0
0x0000000000000000000000000000000000000e3c,0,0
0x0000000000000000000000000000000000000e3e,0,0
0x0000000000000000000000000000000000000e44,0,0
0x0000000000000000000000000000000000000e46,0,0
0x0000000000000000000000000000000000000E48,0,0
0x0000000000000000000000000000000000000E4F,0,0
0x0000000000000000000000000000000000000E50,1,0
0x0000000000000000000000000000000000000e61,0,0
0x0000000000000000000000000000000000000E62,0,0
0x0000000000000000000000000000000000000E64,0,0
0x0000000000000000000000000000000000000e67,0,0
0x0000000000000000000000000000000000000E6F,1,0
0x0000000000000000000000000000000000000E73,1,0
0x0000000000000000000000000000000000000e75,0,0
0x0000000000000000000000000000000000000e83,0,0
0x0000000000000000000000000000000000000E87,0,0
0x0000000000000000000000000000000000000e9D,2,0
0x0000000000000000000000000000000000000EA5,0,0
0x0000000000000000000000000000000000000eaE,0,0
0x0000000000000000000000000000000000000EB1,2,0
0x0000000000000000000000000000000000000EB8,15,0
0x0000000000000000000000000000000000000eb9,2,0
0x0000000000000000000000000000000000000eC6,1,0
0x0000000000000000000000000000000000000eC7,4,0
0x0000000000000000000000000000000000000EC9,0,0
0x0000000000000000000000000000000000000eD9,0,0
0x0000000000000000000000000000000000000eDd,3,0
0x0000000000000000000000000000000000000eDE,0,0
0x0000000000000000000000000000000000000eE2,0,0
0x0000000000000000000000000000000000000ef1,0,0
0x0000000000000000000000000000000000000EF4,0,0
0x0000000000000000000000000000000000000Ef5,1,0
0x0000000000000000000000000000000000000Ef6,0,0
0x0000000000000000000000000000000000000F01,2,0
0x0000000000000000000000000000000000000F0A,2,0
0x0000000000000000000000000000000000000F10,0,0
0x0000000000000000000000000000000000000f14,2,0
0x0000000000000000000000000000000000000F17,0,0
0x0000000000000000000000000000000000000f19,3,0
0x0000000000000000000000000000000000000f20,4,0
0x0000000000000000000000000000000000000F2b,6,0
0x0000000000000000000000000000000000000F2d,0,0
0x0000000000000000000000000000000000000f30,0,0
0x0000000000000000000000000000000000000F34,0,0
0x0000000000000000000000000000000000000f47,0,0
0x0000000000000000000000000000000000000f53,0,0
0x0000000000000000000000000000000000000f56,0,0
0x0000000000000000000000000000000000000F57,0,0
0x0000000000000000000000000000000000000f58,1,0
0x0000000000000000000000000000000000000F5a,0,0
0x0000000000000000000000000000000000000F5f,0,0
0x0000000000000000000000000000000000000f60,0,0
0x0000000000000000000000000000000000000F61,0,0
0x0000000000000000000000000000000000000f64,0,0
0x0000000000000000000000000000000000000f65,0,0
0x0000000000000000000000000000000000000F70,1,0
0x0000000000000000000000000000000000000F75,0,0
0x0000000000000000000000000000000000000F77,0,0
0x0000000000000000000000000000000000000f7f,1,0
0x0000000000000000000000000000000000000f86,1,0
0x0000000000000000000000000000000000000F87,0,0
0x0000000000000000000000000000000000000F8A,0,0
0x0000000000000000000000000000000000000F8B,0,0
0x0000000000000000000000000000000000000F8c,0,0
0x0000000000000000000000000000000000000F90,0,0
0x0000000000000000000000000000000000000F91,0,0
0x0000000000000000000000000000000000000f92,0,0
0x0000000000000000000000000000000000000f97,1,0
0x0000000000000000000000000000000000000fa1,0,0
0x0000000000000000000000000000000000000faE,0,0
0x0000000000000000000000000000000000000Faf,2,0
0x0000000000000000000000000000000000000fb8,1,0
0x0000000000000000000000000000000000000FB9,2,0
0x0000000000000000000000000000000000000fbA,1,0
0x0000000000000000000000000000000000000FbB,0,0
0x0000000000000000000000000000000000000fBD,0,0
0x0000000000000000000000000000000000000fc0,2,0
0x0000000000000000000000000000000000000Fc1,0,0
0x0000000000000000000000000000000000000FC4,0,0
0x0000000000000000000000000000000000000fC5,0,0
0x0000000000000000000000000000000000000fc7,3,0
0x0000000000000000000000000000000000000FCB,3,0
0x0000000000000000000000000000000000000Fcc,2,0
0x0000000000000000000000000000000000000FD2,0,0
0x0000000000000000000000000000000000000fd5,0,0
0x0000000000000000000000000000000000000fd7,0,0
0x0000000000000000000000000000000000000fda,0,0
0x0000000000000000000000000000000000000FDB,0,0
0x0000000000000000000000000000000000000FDc,1,0
0x0000000000000000000000000000000000000fe4,2,0
0x0000000000000000000000000000000000000fec,0,0
0x0000000000000000000000000000000000000ff1,3,0
0x0000000000000000000000000000000000000FF2,0,0
0x0000000000000000000000000000000000000Ff3,2,0
0x0000000000000000000000000000000000000ff6,0,0
0x0000000000000000000000000000000000000fF9,0,0
0x0000000000000000000000000000000000000ffb,1,0
0x0000000000000000000000000000000000000FfF,0,0
0x0000000000000000000000000000000000001000,0,0
0x0000000000000000000000000000000000001001,4,0
0x0000000000000000000000000000000000001008,1,0
0x000000000000000000000000000000000000100A,4,0
0x000000000000000000000000000000000000100C,3,0
0x000000000000000000000000000000000000100e,0,0
0x0000000000000000000000000000000000001010,1,0
0x0000000000000000000000000000000000001011,0,0
0x0000000000000000000000000000000000001013,0,0
0x0000000000000000000000000000000000001014,0,0
0x0000000000000000000000000000000000001015,0,0
0x0000000000000000000000000000000000001016,0,0
0x000000000000000000000000000000000000101e,0,0
0x000000000000000000000000000000000000101f,0,0
0x0000000000000000000000000000000000001028,0,0
0x000000000000000000000000000000000000102E,0,0
0x0000000000000000000000000000000000001030,0,0
0x0000000000000000000000000000000000001031,0,0
0x0000000000000000000000000000000000001034,0,0
0x0000000000000000000000000000000000001035,0,0
0x0000000000000000000000000000000000001037,1,0
0x000000000000000000000000000000000000103f,0,0
0x0000000000000000000000000000000000001041,0,0
0x0000000000000000000000000000000000001042,0,0
0x0000000000000000000000000000000000001043,0,0
0x0000000000000000000000000000000000001048,0,0
0x0000000000000000000000000000000000001049,2,0
0x000000000000000000000000000000000000104c,0,0
0x000000000000000000000000000000000000104F,2,0
0x0000000000000000000000000000000000001050,0,0
0x0000000000000000000000000000000000001052,0,0
0x0000000000000000000000000000000000001053,0,0
0x0000000000000000000000000000000000001055,0,0
0x0000000000000000000000000000000000001056,0,0
0x0000000000000000000000000000000000001057,0,0
0x000000000000000000000000000000000000105C,0,0
0x000000000000000000000000000000000000105d,0,0
0x000000000000000000000000000000000000105E,0,0
0x000000000000000000000000000000000000105f,2,0
0x0000000000000000000000000000000000001062,14,0
0x0000000000000000000000000000000000001065,7,0
0x0000000000000000000000000000000000001067,1,0
0x000000000000000000000000000000000000106A,3,0
0x000000000000000000000000000000000000106B,0,0
0x0000000000000000000000000000000000001072,0,0
0x000000000000000000000000000000000000107c,1,0
0x0000000000000000000000000000000000001080,0,0
0x0000000000000000000000000000000000001082,2,0
0x0000000000000000000000000000000000001083,0,0
0x0000000000000000000000000000000000001084,0,0
0x000000000000000000000000000000000000108a,1,0
0x000000000000000000000000000000000000108B,2,0
0x000000000000000000000000000000000000108c,0,0
0x000000000000000000000000000000000000108d,3,0
0x0000000000000000000000000000000000001090,0,0
0x0000000000000000000000000000000000001095,0,0
0x0000000000000000000000000000000000001099,0,0
0x000000000000000000000000000000000000109b,0,0
0x00000000000000000000000000000000000010A5,0,0
0x00000000000000000000000000000000000010A9,0,0
0x00000000000000000000000000000000000010Ab,0,0
0x00000000000000000000000000000000000010aF,1,0
0x00000000000000000000000000000000000010B4,0,0
0x00000000000000000000000000000000000010B7,2,0
0x00000000000000000000000000000000000010bC,0,0
0x00000000000000000000000000000000000010C0,0,0
0x00000000000000000000000000000000000010c2,0,0
0x00000000000000000000000000000000000010ca,2,0
0x00000000000000000000000000000000000010cc,0,0
0x00000000000000000000000000000000000010cD,0,0
0x00000000000000000000000000000000000010cF,0,0
0x00000000000000000000000000000000000010d0,0,0
0x00000000000000000000000000000000000010D3,0,0
0x00000000000000000000000000000000000010dE,0,0
0x00000000000000000000000000000000000010Df,0,0
0x00000000000000000000000000000000000010E1,0,0
0x00000000000000000000000000000000000010E2,0,0
0x00000000000000000000000000000000000010e4,0,0
0x00000000000000000000000000000000000010E6,0,0
0x00000000000000000000000000000000000010ea,0,0
0x00000000000000000000000000000000000010eC,0,0
0x00000000000000000000000000000000000010f0,0,0
0x00000000000000000000000000000000000010f1,0,0
0x00000000000000000000000000000000000010f2,0,0
0x00000000000000000000000000000000000010F3,0,0
0x00000000000000000000000000000000000010fa,0,0
0x00000000000000000000000000000000000010FB,0,0
0x00000000000000000000000000000000000010Fc,0,0
0x00000000000000000000000000000000000010Fd,0,0
0x0000000000000000000000000000000000001100,1,0
0x0000000000000000000000000000000000001103,0,0
0x0000000000000000000000000000000000001104,0,0
0x0000000000000000000000000000000000001108,0,0
0x000000000000000000000000000000000000110B,0,0
0x000000000000000000000000000000000000110E,0,0
0x000000000000000000000000000000000000110F,1,0
0x0000000000000000000000000000000000001114,0,0
0x0000000000000000000000000000000000001116,0,0
0x0000000000000000000000000000000000001117,0,0
0x0000000000000000000000000000000000001118,0,0
0x000000000000000000000000000000000000111c,0,0
0x000000000000000000000000000000000000111f,1,0
0x0000000000000000000000000000000000001123,0,0
0x0000000000000000000000000000000000001126,0,0
0x0000000000000000000000000000000000001129,0,0
0x000000000000000000000000000000000000112a,0,0
0x000000000000000000000000000000000000112c,0,0
0x0000000000000000000000000000000000001130,0,0
0x0000000000000000000000000000000000001132,0,0
0x0000000000000000000000000000000000001136,0,0
0x0000000000000000000000000000000000001138,1,0
0x000000000000000000000000000000000000113b,10,0
0x000000000000000000000000000000000000113D,0,0
0x000000000000000000000000000000000000113f,3,0
0x0000000000000000000000000000000000001141,0,0
0x0000000000000000000000000000000000001149,0,0
0x000000000000000000000000000000000000114A,3,0
0x000000000000000000000000000000000000114D,0,0
0x0000000000000000000000000000000000001152,0,0
0x0000000000000000000000000000000000001155,1,0
0x000000000000000000000000000000000000115A,1,0
0x000000000000000000000000000000000000115C,2,0
0x0000000000000000000000000000000000001163,0,0
0x0000000000000000000000000000000000001164,0,0
0x0000000000000000000000000000000000001167,2,0
0x0000000000000000000000000000000000001168,0,0
0x000000000000000000000000000000000000116d,1,0
0x0000000000000000000000000000000000001171,2,0
0x0000000000000000000000000000000000001172,1,0
0x0000000000000000000000000000000000001177,0,0
0x0000000000000000000000000000000000001178,0,0
0x000000000000000000000000000000000000117B,1,0
0x000000000000000000000000000000000000117E,1,0
0x0000000000000000000000000000000000001181,0,0
0x0000000000000000000000000000000000001183,1,0
0x0000000000000000000000000000000000001184,1,0
0x0000000000000000000000000000000000001188,1,0
0x000000000000000000000000000000000000118d,0,0
0x000000000000000000000000000000000000118f,0,0
0x0000000000000000000000000000000000001196,0,0
0x0000000000000000000000000000000000001197,1,0
0x0000000000000000000000000000000000001198,0,0
0x000000000000000000000000000000000000119A,0,0
0x000000000000000000000000000000000000119b,0,0
0x00000000000000000000000000000000000011a0,0,0
0x00000000000000000000000000000000000011a1,0,0
0x00000000000000000000000000000000000011a2,0,0
0x00000000000000000000000000000000000011A7,6,0
0x00000000000000000000000000000000000011a9,1,0
0x00000000000000000000000000000000000011Ab,1,0
0x00000000000000000000000000000000000011Ac,0,0
0x00000000000000000000000000000000000011aD,0,0
0x00000000000000000000000000000000000011AF,0,0
0x00000000000000000000000000000000000011b1,1,0
0x00000000000000000000000000000000000011b8,0,0
0x00000000000000000000000000000000000011bC,0,0
0x00000000000000000000000000000000000011C3,0,0
0x00000000000000000000000000000000000011C6,0,0
0x00000000000000000000000000000000000011c9,0,0
0x00000000000000000000000000000000000011cA,1,0
0x00000000000000000000000000000000000011CC,0,0
0x00000000000000000000000000000000000011cf,0,0
0x00000000000000000000000000000000000011D3,0,0
0x00000000000000000000000000000000000011D4,0,0
0x00000000000000000000000000000000000011D8,0,0
0x00000000000000000000000000000000000011da,2,0
0x00000000000000000000000000000000000011DE,0,0
0x00000000000000000000000000000000000011E1,0,0
0x00000000000000000000000000000000000011e4,0,0
0x00000000000000000000000000000000000011E5,3,0
0x00000000000000000000000000000000000011e8,0,0
0x00000000000000000000000000000000000011ec,0,0
0x00000000000000000000000000000000000011F2,4,0
0x00000000000000000000000000000000000011f4,0,0
0x00000000000000000000000000000000000011F5,0,0
0x00000000000000000000000000000000000011fb,0,0
0x0000000000000000000000000000000000001200,0,0
0x0000000000000000000000000000000000001203,0,0
0x0000000000000000000000000000000000001204,0,0
0x000000000000000000000000000000000000120A,0,0
0x000000000000000000000000000000000000120D,1,0
0x0000000000000000000000000000000000001213,0,0
0x0000000000000000000000000000000000001215,0,0
0x0000000000000000000000000000000000001218,0,0
0x000000000000000000000000000000000000121c,0,0
0x000000000000000000000000000000000000121D,1,0
0x000000000000000000000000000000000000121e,0,0
0x000000000000000000000000000000000000121f,0,0
0x0000000000000000000000000000000000001220,0,0
0x0000000000000000000000000000000000001224,0,0
0x0000000000000000000000000000000000001229,0,0
0x000000000000000000000000000000000000122a,0,0
0x000000000000000000000000000000000000122F,0,0
0x0000000000000000000000000000000000001230,0,0
0x0000000000000000000000000000000000001233,2,0
0x0000000000000000000000000000000000001235,1,0
0x000000000000000000000000000000000000123b,0,0
0x0000000000000000000000000000000000001241,0,0
0x0000000000000000000000000000000000001246,0,0
0x0000000000000000000000000000000000001249,0,0
0x000000000000000000000000000000000000124b,0,0
0x0000000000000000000000000000000000001256,0,0
0x0000000000000000000000000000000000001258,1,0
0x000000000000000000000000000000000000125A,0,0
0x000000000000000000000000000000000000125c,0,0
0x000000000000000000000000000000000000125E,0,0
0x0000000000000000000000000000000000001260,0,0
0x0000000000000000000000000000000000001270,0,0
0x0000000000000000000000000000000000001271,0,0
0x0000000000000000000000000000000000001273,0,0
0x0000000000000000000000000000000000001275,1,0
0x000000000000000000000000000000000000127a,0,0
0x000000000000000000000000000000000000127D,0,0
0x0000000000000000000000000000000000001280,0,0
0x0000000000000000000000000000000000001283,0,0
0x0000000000000000000000000000000000001284,2,0
0x0000000000000000000000000000000000001289,0,0
0x000000000000000000000000000000000000128E,0,0
0x000000000000000000000000000000000000128F,0,0
0x0000000000000000000000000000000000001292,0,0
0x0000000000000000000000000000000000001299,0,0
0x000000000000000000000000000000000000129a,0,0
0x000000000000000000000000000000000000129b,0,0
0x00000000000000000000000000000000000012A4,0,0
0x00000000000000000000000000000000000012aC,6,0
0x00000000000000000000000000000000000012AE,0,0
0x00000000000000000000000000000000000012B7,0,0
0x00000000000000000000000000000000000012bB,0,0
0x00000000000000000000000000000000000012be,5,0
0x00000000000000000000000000000000000012C9,1,0
0x00000000000000000000000000000000000012CB,0,0
0x00000000000000000000000000000000000012cf,3,0
0x00000000000000000000000000000000000012d2,0,0
0x00000000000000000000000000000000000012d5,0,0
0x00000000000000000000000000000000000012d9,0,0
0x00000000000000000000000000000000000012da,0,0
0x00000000000000000000000000000000000012db,1,0
0x00000000000000000000000000000000000012dF,0,0
0x00000000000000000000000000000000000012E2,0,0
0x00000000000000000000000000000000000012E5,14,0
0x00000000000000000000000000000000000012E9,0,0
0x00000000000000000000000000000000000012ED,0,0
0x00000000000000000000000000000000000012F0,0,0
0x00000000000000000000000000000000000012F1,0,0
0x00000000000000000000000000000000000012F4,0,0
0x00000000000000000000000000000000000012F5,0,0
0x00000000000000000000000000000000000012f9,0,0
0x00000000000000000000000000000000000012fB,0,0
0x00000000000000000000000000000000000012fC,0,0
0x00000000000000000000000000000000000012fd,0,0
0x00000000000000000000000000000000000012FE,0,0
0x00000000000000000000000000000000000012Ff,0,0
0x0000000000000000000000000000000000001301,0,0
0x0000000000000000000000000000000000001302,0,0
0x0000000000000000000000000000000000001303,0,0
0x000000000000000000000000000000000000130B,0,0
0x000000000000000000000000000000000000130C,0,0
0x0000000000000000000000000000000000001314,0,0
0x0000000000000000000000000000000000001315,0,0
0x0000000000000000000000000000000000001319,0,0
0x000000000000000000000000000000000000131A,0,0
0x000000000000000000000000000000000000131f,0,0
0x0000000000000000000000000000000000001325,0,0
0x0000000000000000000000000000000000001326,0,0
0x0000000000000000000000000000000000001329,0,0
0x000000000000000000000000000000000000132B,0,0
0x000000000000000000000000000000000000132D,0,0
0x000000000000000000000000000000000000132E,0,0
0x000000000000000000000000000000000000132f,0,0
0x0000000000000000000000000000000000001338,0,0
0x000000000000000000000000000000000000133b,0,0
0x000000000000000000000000000000000000133D,1,0
0x000000000000000000000000000000000000133f,0,0
0x0000000000000000000000000000000000001342,1,0
0x0000000000000000000000000000000000001344,0,0
0x000000000000000000000000000000000000134b,0,0
0x000000000000000000000000000000000000134d,0,0
0x000000000000000000000000000000000000134E,7,0
0x0000000000000000000000000000000000001354,0,0
0x0000000000000000000000000000000000001359,0,0
0x000000000000000000000000000000000000135B,0,0
0x000000000000000000000000000000000000135C,0,0
0x000000000000000000000000000000000000135D,1,0
0x000000000000000000000000000000000000135F,0,0
0x0000000000000000000000000000000000001363,0,0
0x0000000000000000000000000000000000001367,0,0
0x000000000000000000000000000000000000136b,3,0
0x000000000000000000000000000000000000137E,0,0
0x0000000000000000000000000000000000001384,0,0
0x0000000000000000000000000000000000001386,0,0
0x000000000000000000000000000000000000138c,0,0
0x0000000000000000000000000000000000001392,0,0
0x000000000000000000000000000000000000139B,0,0
0x000000000000000000000000000000000000139d,0,0
0x00000000000000000000000000000000000013A3,0,0
0x00000000000000000000000000000000000013A7,3,0
0x00000000000000000000000000000000000013AB,1,0
0x00000000000000000000000000000000000013b1,0,0
0x00000000000000000000000000000000000013b3,0,0
0x00000000000000000000000000000000000013B8,0,0
0x00000000000000000000000000000000000013B9,0,0
0x00000000000000000000000000000000000013c6,0,0
0x00000000000000000000000000000000000013CB,0,0
0x00000000000000000000000000000000000013D5,0,0
0x00000000000000000000000000000000000013d7,0,0
0x00000000000000000000000000000000000013db,0,0
0x00000000000000000000000000000000000013dD,1,0
0x00000000000000000000000000000000000013df,1,0
0x00000000000000000000000000000000000013e4,1,0
0x00000000000000000000000000000000000013e6,0,0
0x00000000000000000000000000000000000013eB,0,0
0x00000000000000000000000000000000000013eE,2,0
0x00000000000000000000000000000000000013F1,1,0
0x00000000000000000000000000000000000013f6,3,0
0x00000000000000000000000000000000000013ff,0,0
0x0000000000000000000000000000000000001401,0,0
0x000000000000000000000000000000000000140A,0,0
0x000000000000000000000000000000000000140C,0,0
0x0000000000000000000000000000000000001410,0,0
0x0000000000000000000000000000000000001418,0,0
0x000000000000000000000000000000000000141e,0,0
0x0000000000000000000000000000000000001420,0,0
0x0000000000000000000000000000000000001423,0,0
0x000000000000000000000000000000000000142a,0,0
0x0000000000000000000000000000000000001430,0,0
0x000000000000000000000000000000000000143a,2,0
0x000000000000000000000000000000000000143C,0,0
0x000000000000000000000000000000000000143F,0,0
0x0000000000000000000000000000000000001446,0,0
0x0000000000000000000000000000000000001450,1,0
0x0000000000000000000000000000000000001451,0,0
0x0000000000000000000000000000000000001455,0,0
0x0000000000000000000000000000000000001458,0,0
0x000000000000000000000000000000000000145b,0,0
0x000000000000000000000000000000000000145c,0,0
0x000000000000000000000000000000000000145E,0,0
0x0000000000000000000000000000000000001461,0,0
0x000000000000000000000000000000000000146D,1,0
0x000000000000000000000000000000000000146E,0,0
0x000000000000000000000000000000000000146f,2,0
0x0000000000000000000000000000000000001476,0,0
0x0000000000000000000000000000000000001477,0,0
0x0000000000000000000000000000000000001478,0,0
0x0000000000000000000000000000000000001479,1,0
0x000000000000000000000000000000000000147a,0,0
0x0000000000000000000000000000000000001481,0,0
0x000000000000000000000000000000000000148b,0,0
0x0000000000000000000000000000000000001490,0,0
0x0000000000000000000000000000000000001492,0,0
0x0000000000000000000000000000000000001499,0,0
0x00000000000000000000000000000000000014a0,0,0
0x00000000000000000000000000000000000014A2,0,0
0x00000000000000000000000000000000000014a4,0,0
0x00000000000000000000000000000000000014a5,1,0
0x00000000000000000000000000000000000014A8,0,0
0x00000000000000000000000000000000000014A9,0,0
0x00000000000000000000000000000000000014ab,0,0
0x00000000000000000000000000000000000014bb,0,0
0x00000000000000000000000000000000000014bC,0,0
0x00000000000000000000000000000000000014c0,1,0
0x00000000000000000000000000000000000014c6,0,0
0x00000000000000000000000000000000000014CE,0,0
0x00000000000000000000000000000000000014d4,0,0
0x00000000000000000000000000000000000014d9,0,0
0x00000000000000000000000000000000000014E2,0,0
0x00000000000000000000000000000000000014e3,0,0
0x00000000000000000000000000000000000014f2,0,0
0x00000000000000000000000000000000000014f6,0,0
0x00000000000000000000000000000000000014fD,0,0
0x0000000000000000000000000000000000001501,0,0
0x0000000000000000000000000000000000001506,0,0
0x000000000000000000000000000000000000150f,0,0
0x0000000000000000000000000000000000001527,0,0
0x000000000000000000000000000000000000152A,0,0
0x000000000000000000000000000000000000152B,0,0
0x0000000000000000000000000000000000001539,0,0
0x000000000000000000000000000000000000153E,0,0
0x0000000000000000000000000000000000001540,0,0
0x0000000000000000000000000000000000001547,3,0
0x0000000000000000000000000000000000001548,0,0
0x0000000000000000000000000000000000001555,0,0
0x0000000000000000000000000000000000001556,0,0
0x000000000000000000000000000000000000155C,1,0
0x0000000000000000000000000000000000001564,0,0
0x0000000000000000000000000000000000001565,0,0
0x000000000000000000000000000000000000156a,0,0
0x000000000000000000000000000000000000156b,0,0
0x000000000000000000000000000000000000156c,0,0
0x0000000000000000000000000000000000001577,0,0
0x000000000000000000000000000000000000157d,0,0
0x0000000000000000000000000000000000001590,0,0
0x0000000000000000000000000000000000001596,0,0
0x0000000000000000000000000000000000001597,0,0
0x0000000000000000000000000000000000001598,0,0
0x000000000000000000000000000000000000159C,0,0
0x00000000000000000000000000000000000015A0,0,0
0x00000000000000000000000000000000000015a2,0,0
0x00000000000000000000000000000000000015a5,0,0
0x00000000000000000000000000000000000015A7,0,0
0x00000000000000000000000000000000000015B0,0,0
0x00000000000000000000000000000000000015B1,0,0
0x00000000000000000000000000000000000015B4,0,0
0x00000000000000000000000000000000000015Be,0,0
0x00000000000000000000000000000000000015C3,1,0
0x00000000000000000000000000000000000015CF,0,0
0x00000000000000000000000000000000000015d0,0,0
0x00000000000000000000000000000000000015d3,0,0
0x00000000000000000000000000000000000015D4,0,0
0x00000000000000000000000000000000000015d8,0,0
