address,action,amount,txn
0xEF009337849Abc3dA23b1A510391BF72F6B01F7a,register,1.0,0xac8e9f859fa52f15f3d85d7117ea537153d3674f787c616147fd4dbcc2aee9cd
0xF5aabc6E4cDa33f2c60c255c230AaC0CF6eF7b24,register,1.0,0x283dda9fec4b39aa2dc52d611c135fba793d6f0b3a6f9954b42ee1398c538023
0xEF009337849Abc3dA23b1A510391BF72F6B01F7a,register,1.0,0xd8311baac0c3751157a65bb115fb7a795aaed967c5f84a242efbae224d686c19
0x29A09A45A487D6ABD5a57FfBe4b8a2e52197F803,register,1.0,0x097107b4cee7bb71663ee60ee8856be02243e4bf861840f04599c56fe48108c0
0x365A0FAEa7642374a8B9c0354a06561ED4F85580,register,1.0,0x699367ced8ba8bbb1617dfd155d5fc33c08504f995e75c1e04fed6b0c4de39a3
0x29A09A45A487D6ABD5a57FfBe4b8a2e52197F803,register,1.0,0x3128f2970bd028fa27e108ce5eafd7f9356d8fe98ac884c67726d0902c9f71b2
0x365A0FAEa7642374a8B9c0354a06561ED4F85580,register,1.0,0x697f209da2c04818871e77d287e916742c9b339241c5299f272ee924e2dad105
0x30EC506ea4d586Af947693835E5c0236058b13af,register,1.0,0x4bd5511e2e47104ac27ec80515bf5c7bd796fd7a79c0e765028210aef648f15d
0xE7FF94f31E6023dD11a6fA39FC7f9c4611c600FA,register,1.0,0x59dbce3305522e05e237799b95f3c43417e4d5974f35e14fa0ef0ed84752fbff
0xF10B99017a1e5D26B05fA91D923c150E701B05A8,register,285004.0,0x1d859b3774be945ddbcf46dcd563b89c5a1d3bc5ea953cc9db183709988df45c
0x3Fc13A10C51c1dbDE6108425F2f7c8007c277EA3,register,10000.0,0x868df07e5c726c4111e728cff062e6b9a2ca530b2650dc45769e64defb55198b
0x6f52AF948A6F119135ddD1951Ed762fF4f005192,register,429795.58,0xa9047cbfd3d7aa201083db6eb5b4601359bf1d3359d64d801a16e32ad8b75091
0x3667Fdd047e91600fc79FcDfa286BD074A4bBe9a,register,8333.33,0xb39ef99a5a839e5c8b0afab07368a07dfb29e2ab32d8c797d9b472aa86f05f86
0x038c5A33c052212350A287AbB7e1C6c16c3977CD,register,8333.33,0xc09bd1864cedf38be0aa300c044ac467ef840649bbf1c9def5e6cbb470ab8917
0x3a63817848B6b7272A6A3BA9575cfd1bBD9be27E,register,8333.33,0xd533761865207ac34ce5b6c47a57f0893dec0b92bbbec9ea5ea3c7d01b090baf
0xDc25C4345d54e2662Fe1c832faD4f7e5BAb33CF3,register,83333.33,0x5c9140a55e4579a20324fa686a2213067c7548b78d1fec064208543aaaf71658
0xe5Dca3E2eC99Cf868cC0d8d5dB1EBd441C926B9C,register,9151.58,0xcac93475a6fa8fad6b4235210d7afc01c57fdcc1cb148e066c3008a186bb430d
0x9E0afcc4A6d94Fa2e1f529e8e2F66875b67B4F4C,register,8333.33,0x3f0f7ac2071615ccbf0718a2c17d7b5aee79d4a164bfbe69d6095f202afcf60f
0xcF161Db6f2868D283AF1A1cA49133DdB5581f816,register,87636.25,0x09e989b3dcbf6cdd955acb80df05a4f93ed407765f9b4675f9a5ddbab255e66b
0x61159c85f7FF1E1e15E42d95E8fe75a1afE530cd,register,10002.67,0x41128876504e41053fb70d1980c27523b0e4b7bd0a502ec0c89af811d8f9530b
0x994327dECf95e4252C3f6B85F57061AEC48c5404,register,41666.67,0x594a629fb7c2812df06420822eed76f4d41aea6996f976ab35274bf623f288ba
0x823Df3205Daa47424d533DF2d477D619b1755D45,register,1102150.0,0x1fe0c19b042357a70e07f670e553d7536b010a122d2a62729e14cbfb52572cf3
0xa4b97F742416B0C31e4a44f6fc70DC710bE3A07f,register,20833.33,0xd4c80e78ea0e0a6ec7e135feef5a7b838a7856bba0e9809217acac5a915fc364
0x96c1a6300C66223Bdd9fcdbdE71f88c841d7a35e,register,8333.33,0x6dd1daf0ce5cc45531e23deeb30f13fab9cf5aa503240dde7b65568bb6dbc261
0x905599deD64C5b627bc05AfD1A73Be4D715825ad,register,83333.33,0x1e2120eb3d45e986574ce7598cdd98e62ee6eb193e085ff657416474cff05153
0x0dd8DC827334649Dfea81ae453C20f9E12a8D336,register,10000.0,0x2a324cae5884961ffe5035d718e7d5f570049db7614f4fb81c9a839f53c0fddd
0x009b6817807c332b9445f5C9cf2AC94631fe876e,register,3794213.0,0x0cd30f8f98e97d953d2a1e375d87d5309bb6be2158256522a28d9a651440f7c0
0x46F2d8131950759Cc11B3834e6D7018fBf1375E9,register,83342.67,0x94cb0fbbfa8d82fa397b5eb36bc9d9672361f09c7d3efb55953f12b2474ef681
0x0fFeb87106910EEfc69c1902F411B431fFc424FF,register,834408.83,0xfd2654fa897e7db14ce510e2a56c8516f02431aa620ca7ea9f134101ba7e67b9
0xFC996eC7838D0422D05b08C4D6a1d6a14CCD85ae,register,8333.33,0x5c584ce67d0f73d34cd8b9dfb37f44fa0f1aecb32241633d556360239769a0c3
0xfDbE2fD7d3a22337Ac9D5594C39196284386E8F6,register,83230.75,0x2fd8552f7cd8261147d5e072687464df36b68ce30898bf44201410402279b205
0xF63ddd79d5436938cE057D2c94a65b78F46E4366,register,416666.67,0x4cc8050328c8f6d3ceb12ec7db1d501932a83d5acb4b9b5d8dab1578b2db1cce
0xFD20c7C25f8c5404F0632B2f072b68dbA0273C6f,register,8333.33,0xf7a8e48f1d3f62e622571ada88b8c93056e04af0c23ccc3d0ac6f943fba38b63
0xa536cdfE5A1F564FB70D86599E345a0A89FB75e9,register,3460537.5,0xc3405ad8c486c0fc7751a2c3385862a304ce8e5b1282630b5a880182c9a5adf8
0x2F0F20fd1F2486BbD829951E4aC533b21b8c7073,register,20833.33,0xdb5542a9197a75a62227aab02ebfa86fec7937dca6ef91167b8a3858c9a33469
0xff2bA16FD74389907f4e9Ad808eF6c6B25e7E5C5,register,187841.25,0x4065c32a18a2f8133f9ffb8d9cc18058debf6f8fe78bc6f8cadfb716da60970a
0x80F5FC0bdb33aA0f6572E06CDC726095c15B6204,register,116833.0,0xcbc3232adce3e380022a156600d4c42e97f99bc4369fc11f161c65e60ef56c40
0x0B073146BF9586e864AA45043260d62fbE3b377a,register,10000.0,0x2e30f1cb885b17d150b879105224c85a14ca42869a419660a0e4fd4d9d0a5616
0x2F372B8ce57c7D6c9a07D0c5598c45d51e9ba7F7,register,8333.33,0x34b2e76b6a34946ae9d60a7d15ae2f70753f02435af5f16261c8433e0d9f5619
0xfE0b65C3acD3bDf1ecaB242AC857F73424C55D58,register,16650.67,0x99f6fc41299f536d5a9b40e06799124975bbe710e2462e313710758f5c854b4a
0xA739f0CbE727Ca4F6C208ef1152394512131B343,register,8333.33,0x2a5546414db5db622c48ad08447e1199363b6802d26e43551eafed78228d53b6
0x55A5F913ae82c43f1D63f338a304A0d1AF0F3ac0,register,124758.17,0x1934c5c9b892937d4a9c19597ead87453eebf12b5286ceb124eb28661f870c7a
0xB2155007984F74B1F5c7F0b959D487F99eDc4307,register,3125000.0,0x545240dbf52edacb9cf4f7490486515d4a3ed9790d6c87ffd418a369db3ee1b2
0xE1a88145B06EF94a3744160A120Cd1e8C92bC378,register,16666.67,0x50568f64cb472c01a8d838649d556ffc48398b297c0967eddb3627a98ff4cce8
0xBaA4A7741487075cb946Da164eA009bEF969A25f,register,8333.33,0x216df2eb7bbce1cdad5749de1f57c8a1c022bd964b0559615bc68e6d22d99f6f
0x077031fd82fEaBa89aE214599c59FE265e6570C2,register,17767.33,0xb0e6c45a6b6b4c4ff403b4b7322fe9a4accd8241117dfd02971b4f0f19207392
0x5c63f72A25D0f8F555bDFB273eB093B8Eb42B94e,register,41666.67,0xdc8c55588e206a4dec9d63744c517de6a3eec0a2785d32ca6a73be5c665b5984
0x28eE8F5Da1d2A74aDAd6C10d1520B21f69EA56b6,register,8333.33,0xab845d5bd81d044394592bc946b9aac3b789c1bf89034eb0a8082dadf14d965c
0xD965952823153E5CBc611be87e8322cfc329f056,register,3229969.0,0x9a349426f8caddf30626e547ace5e7350aa9d003da83c3a91cbecdc1e05ab209
0x99A6A0fb700b38cFBA955EC1e03a0CE4C1A1c5b8,register,8334.08,0x9d6d96796d4df8028f04d6d353580ac0d9118fdbb2693c50ae9f2a5b1f8a2370
0xc934E6CCae5c86724E19bf107C9b57186311931a,register,16666.67,0x1b8770f0970981a99ca667bc31aeb1c3a91b4c81f90aea0f8a4eb801e3973d57
0x22461C8139541D3dBBA5497Afc55baCDfe12ADEE,register,20808.67,0x5834b733e9f20e164703456c3a766e7fb28d2af2cb4115ef2897365487d9c35d
0xbb3B1306382B497Dc15CE1b1b01E1773336977dC,register,501077.08,0x5f79d409721f82e25d34e287fd630638f9f34612828e7c685b4d4d10354bdc2a
0xF18A8C841104921cFb895f32593096ecF4759F75,register,17019.25,0x7a9e61be9f5c09dc77dd6e575723dc4267edb8d7a825135b2ef8d88354d6d7d5
0xD884EBC17c94753c2Bbf3555a8ad40C0Cad6d7f4,register,625000.0,0xc10cb4f10438134e369f383bb986bd8a94b22935bae94785f0877cdbff852e4b
0x5bb312a70905D8c003A49aB92f0D887ab2e7a3E2,register,25000.0,0x299904f6303d5d7c3f001eff2ac7c0facd99e7cce60e8fa4808889d9fba6668f
0x85C1398bf00CcCdC9206b6E00b69c5F7135bebCc,register,625000.0,0x4f0aa980dd8a84beb507b015ac3bda3594a03c202211ca03704b03821eb1bc1e
0xfE9878FF232eE9AF969c4Fa839c228d1A22D3709,register,100000.0,0x0fd24c09a765d5952971c1ad7766b76107ac3bcc4c18a931507a12136eb0b7ff
0x097b2EECe415AA2A4A7B1e0C310c81ea3eE1e292,register,8323.17,0xe896c49cbb8dcc6cca1dccb4911ff3edffbc5b4c05b80e63b76c0b8ea0d708f1
0x55cCb094871A919c276badf74B7A9077f7B9705B,register,625000.0,0x3f99a7093d441f94bdf08ff2331ab178433f4d981672c5db331fce8526be06a9
0x16aD4E68C2E1D312C01098d3E1Cfc633B90dFF46,register,1337.0,0xfc7299170df5fe030eb8840631e7da09a09b5eb00b766275274abfb5159709ea
0x2471cEb7520b926ba02d876cd032Fd020237e413,register,8336.75,0xb98cf6d65c1213128f942b6377334819cef88a2be06d7113269828a7850c6c92
0x8DF04D551E3f7F5B03a67DE79184BB919A97BbDE,register,1161425.0,0x0d7064bec72a4451c849cb2e985c7cc0d6d78ece6966a0bda0bc55c86637c66f
0xB615a740099735dCAB28536d9dEa8D6A8B00502E,register,8333.33,0xeb982cfcfd4d0bce596767014582a8d50edd5955d4d4b97e7e5fd1ac8a11c2b6
0xada22cE4E65E85C1a6bD68906Bef8b549889aa9C,register,50000.0,0x1d4a4d4991bffd40134695363886d0cd82ebe9f09d31d40a7d293a79e2576cd9
0x60A3B31f7e81eF2bCFaFEcF93500C4A6225d57A0,register,116833.0,0x88466104c38db8fba53fd13baf60f9a3dd15bd6febc3c9a889b1e28672cb0e8e
0x8Ecb1918ADe6F5003B559f7aEEA807358BF787DA,register,125000.0,0xb6b7176d3616e4dc297fc4b071aaa7d4c2f87729e02fe4d3a01d8f90badfcbe1
0x93BCB492fB4185627c6E507f7016C77eeC7FeAc4,register,1054112.5,0x2243b5bb278928a19d1bac09006b41be16a1c28ef486970df3fb4187c4945ea4
0x922e1ce088bB4Fc0295d992070B65088307957e2,register,8333.58,0x3b8beef4c20a5c9ab19d3e692e23083f05f1c9d55140acc3166e19b53c3500ff
0x1D9Ff05A4BF7c86a46e517Cd9A5C0Ad5dB260b9B,register,30052.08,0xbb0140c2e119e1e28c908c1dfca0e4ac1808f1789dd009915261835c406ee8a8
0x2ce5f9f52C1eec9a1183f91139C59b485Ff39dAd,register,148544.83,0x28e1bb24d3e27fd8550524b3e1434d045f5d2ea240cdb69bfc0c40b803578849
0xD79Ee3be5E0154Cd7540A55cc4f7E44D78a38B6A,register,250000.0,0x447dd9e542210cf7d18eb8d74b66aed67f98e197a50ada60676342e98640f545
0x17816E9A858b161c3E37016D139cf618056CaCD4,register,3125000.0,0x23bf8dfca1776413b1a4d569d937216c8b0e4d830db56efd02769bc9939712c0
0x85242962dcc4f632e44ae031B9De04FF9b12Aab9,register,12500.0,0x0e511e0ac4ca648b4f95c70f60ead9c65cc7a010abc975500d1f3ebd6f0fb77d
0xE3Dcc51dE6b75d8945302fc4b6e328d9A65ae0C1,register,10416.67,0x3a8d123d8ecaa97f719d93af56ca8adce0612cb567a6d30be9e26cb73413fa46
0x92e201F8e3459678F4237D01e3ab12B9967aEcdC,register,41666.67,0xec4fac8ff57e32324303356f0da9bc3b3613d4789b3be26b475d7353048e703f
0xb2FEe33502b5835DeDC54dc2501080b404b56503,register,20833.33,0x57e090b7ed6000e29ea393129c334ca5741ca1eb8c4a8a3ae7bbcb26972db702
0x3674840e64A5B2176052d9F65A9AC7e8dBF7bD5F,register,1192775.0,0x5292d40a9e811c5fa3cebce9f9a97db20ee55c26b7551c1665f5e029502adac8
0x2e78afF7d00f6b3CcD08be05ADe9698121F1f307,register,41677.5,0xd093e56d72aa660d7f5543ce213dd8443491a6de20b59610d1c53d143d8394f4
0x4F643fb421F588F5cE3c4aB591e22b04847FdBf3,register,3541616.67,0xe22151cab95e5c303dab4e59d5afb241372106cf80bdf131308a67723e95bb0f
0x2C4028c80336419Bc75ab0b6B939844CdBEF2540,register,2306937.5,0x4e21b7d6d8aef93230d3623d8b3767f4d706812605f20d9c44f71836bbf9469b
0x4c1bcC8F570e9F98Fab0eAE6b14F4df6E90CB8F7,register,1161425.0,0x4babb3761bb446a24c0924d832e1802376ca7dd36418c07e9f7d09d33883a8d0
0x5cDF806EccFec3f349244081d4C53b68D126c069,register,83333.33,0x3092e54742e2a327f09972ebb5793754680ae38bbd987b142885d24ad37f0274
0xa34AaF13e0961b8c226d4CE81d032aB56a0e2c36,register,8333.33,0x80ddf1edc4d8d655270474088152370de338242a15361516dc9fa9257ec48fbd
0x1F6B9Fdd2286bc601c3c609d70EC137602746E63,register,8335.42,0x3b3e7b097663bbad8925893d0ef7cee4a7d2d0bb6d15626f52130c8f5fd0d7f4
0x39e260Aad76D1e06B5B0006099E2F030F01625BD,register,8333.33,0x345c8fd4d9758ec8b824494d5652bdde926cb19732dd9bd41554f79197834b95
0xC70cAC5d6B7a758f7589E31093ba57d7c902218A,register,66666.67,0xd4842bf45d6fcae30e72392a9a01028af0f02eaa028e4f6bb0ab9e2bed585620
0xFC032b58586A2e249fCcB0936DB3F62082d3A6bb,register,16666.67,0xeb2593f17311ac657824b12a8d2979c90413f1a9c42fc442af99667d4679d650
0x9E51db3aDC805513bDeECB226Fa77BD37D388b2c,register,16688.92,0x5dd7bf39a8d9044375a1bda07187e7c8fbc8bf8647fdf98bad4e8051161380a5
0x0C19A07242755b3F107cfB4C74d236a18548541F,register,416666.67,0xb7f2eac29cbce88ce0122b4fbe387abc208e28c0c8e30014d00866511e8c59a3
0xf156f0E79A516F69163743F87E592677fE3E74F7,register,50000.0,0xe4a9d6da89c4ade2514f0632a43e53ccdf45aa245ee841035350e105bbffe829
0x1D44a3D90d117C0889D08587b8787B001Fb7DDfc,register,50050.5,0xba5e07037ccec11f7ec17219fb17c7915c015291370ee78634f93bea32bacc8e
0x62A2512D5872f6556b6A126F7BC034399Bb54B9e,register,1705750.0,0xeef9c6abd83eadabd0b8b826bdf180e121e2a143787aa888f73fcb8005b82e4b
0x0656d8b7b1Fcc09788F4A7B657B38A3A4EeB3f9B,register,437500.0,0xb07553fb729eecf0c7439fc2b7c8939295324b4ed6b6f01c153502d6e49631a3
0x56E773B0a620205E9f72265b6013b65B84c2c4aF,register,8333.33,0xff08d736f5fe4f11465785d875a5a40654d898837c5d1e79864e620cc076d0ba
0x3e078e57ce8650c1f31E02e1733d69BAc0477918,register,25000.0,0xf919c67b0f7ced20e782472f28a8fe5da9e307edf241fcee67f9c1fd110222e4
0x69b02f1752fb403733dBa2235D9606FC028BD514,register,8342.33,0x82562ac05d647794c6d78098d8c5ddd76a15884d1642f25b0e9a8f08eb1d1317
0x4eaCfBEeCCeB46C30b525eB00486e0D9D215538C,register,1054112.5,0x1a07254a663c8bdd07f29395037f7e94460463443cf7bb46a1aecf3d9b803691
0x74B9B586Cb87B77106557bd843CC6BE52B7bC0E8,register,39666.67,0xcd12b34813dddd8dd5740577f6c5c484b7a90c1fa1c92647568b8e5b38b67720
0x97CA371D59BBfefdb391AA6DcBDF4455fEc361f2,register,5000000.0,0x918a4c3b514c0c5ed619cc5175f460957ef1f98b134a0a45ae00de4600200420
0x8b3E473FA109b69f9499d3DB24E6d302279fEC9A,register,8333.33,0x16e5515843e403ea1bcbbd423f6b4f48982ce27b8e3933014613b13ad34654e2
0x0F0EE6421bce033756D16fdA09AEF968Df344ba0,register,83333.33,0xedb00a5bac7bbcd2fdba2fe41d9665fbc7bb258baa584588af920760d5afb134
0x606c9936A8B5C70061b3464424ab7d45302eF9b7,register,16666.67,0xc71e7d7b39e6dd1ac117231128bdbda64239e898d556bbea0c2102a39e5aa6f3
0x8107b00171a02f83D7a17f62941841C29c3ae60F,register,25000.0,0xd88d034ff7606fd9a403bda12da81eb632054f4cb8b3a3da1c6b2714f90263a3
0x042a135bd342910ad7F67bBda74e3fd4125D1272,register,2250000.0,0x1c1049131ac41afd14ee56c1343f4f3e282d43768d62e2fdb3298b83007977dd
0x9c1b5eF5a5CB5a433c436bdD9Cd1b25b380fA823,register,220612.0,0x63ea1fa9564c9d9a8132a6b972ee12de5b8086f50ae1e8b3d6b2fecc9637a5ff
0x6D6a31eDcbe9897a01e2BcCE135Aa817ED95C867,register,15833.58,0x4c2913d27ab245778686abe52519dd8f2bf751ce97acad5fad9ade7f49a42f2b
0xe4317e0Cd25248f8Beb65E65F36fEB2367CCBc93,register,62584.17,0xbf2a5654b2dc944a0e09d071d28103ef411de2bb229e401e742a001e64d68d88
0x9D2b6D89e12600a8c8E1680B1eA9590De44234E4,register,83401.25,0x7ec915c56aac8765b6e5a73f90edbb40f7fab8dcbe3cdb37e7289e201052c703
0x95e0e5E45fF2C9433c45FEdC90BB2fE93d6C27d5,register,8333.33,0xeda8fa8f1398d2fe2e4059197fb448cdaae3ebdc0fb9cfc88d9aa0b08267e68d
0x4Aa3A455C215716343531d9CE3a2E6f693C47e44,register,166666.67,0x24693b44663c172d3d1a7184e25160562d35cac4e84b0688e2054cfb382d8082
0x9Cb69c3C459F6240b090271491d1a0628850e3B4,register,16666.67,0x835b3377f353ebfa8f72eec9419d85d856d4117351b473bb2fbc6c28182fccd0
0x8C5470013E8a5cB343aa192A2D57ac4666ABBdf8,register,375000.0,0x2eb161663fd18953a905ed8e59ef02ab181558d651c772e560e1da18e2c33e4f
0x852e640d58C59e542d82AaF85C9bD89888B03a45,register,25197.08,0x3b98b4ada3903e6c80ed4b6efdd3061f75cab041ee67213b7733073443f10e6f
0x0c6DB38015FB1DCBA91cb824B2f7Ff3bfC4D99dE,register,166775.83,0xf302eb91aaff94e5a79c33caa41a57ac43d918cea6e3123193a2f1f935a359cf
0x4ba05Cb5b7e235B3E3d28EeA57632ADe181E3E96,register,66666.67,0xb57263dbd6454e8deb787d9975ad251732aea5f5ab6695ab054004c1d3e8afde
0xff6F141bfA2356E94B77662545aA56CFB2b054AD,register,1250000.0,0xa57c64af97620cc98cd133d8263e267b00d2fcfd13b00ecd9b0076d7e242272d
0x5cE47eD3B09f4Fc4EeE60E2F40d36A62b92A5AcA,register,1717362.5,0xc4a52e77d44c7502700dc2bfb8560edaae9ae49f5d3e7e570c37ec70dbec5404
0x8761e0DD63d14cf566aCf4b730f3540f164B6b56,register,2354700.0,0x0a8ecabf0c332de6efb9c3a9f5b4f663160e78607929f6399b3119c4212e91c7
0xaB1EE18BAB71e9f3225e2E9e2b2e46b96dF630b7,register,8333.33,0x37836cdcdd75983b805a04d877a6b3687861f31138de779e92be0ddfa76c5c1e
0x42f68d3b323dd4C67ece9D224D419E3124F2A374,register,5324350.0,0xd2664898b990ca6eb0358e5a49be02aee4f5f9158c57f9c55044150d67baf3fc
0x1cf16bFB364Bd4b11f9F6a0706fe4c2B3aa0439A,register,415498.08,0x4db373545399e63d9651db27ae2c282dff2649d772a9cceadf063df93f247c14
0x6b488C6F5C2800c7071Fec6730E8C547b657610A,register,34133.0,0x858afbafb4743ead42c4d7b8da32e82742654f8dd79719a8c89d81be6bdbaa09
0xdF66B496D5e4D4414aB46D08b8160149B3c08b88,register,9157.17,0x1e1043831d19329e87eb4723c77ffa147a2daff44b31634a2ea8a6a3d8697255
0x1cb8b056c4D40868152Bf3b6124064244733fDA4,register,8333.33,0x93809df8ec00caa6f58eea185ed52ebbc460aa164b297f831581243befa3cfcb
0x8E215D06Ea7EC1Fdb4fC5fD21768F4B34eE92EF4,register,1250000.0,0x5658b106d8ddd05c007545d6519f8c474bb5134bae73e0346efc3301d71baf60
0xbC90B3Ce40fc3Ed921D910f3e046C65954fFF7cB,register,625000.0,0x9a559ea9eab6ec5275956d6e3a53cbf3a4710d90bcd062398ac3d3fa7dfcca8d
0xb701f3F8d7fc78e8551cfF0324E9ab7fd0F55ad8,register,50000.0,0x398ef006e6bb3a6bfb5875dddf83c8f768dfae85f49ac4f2ecf779192d7c0ccf
0xAb9Ff3b61c1fbC40D1ac6610b3b1093805165fb9,register,8496.33,0x2b4db4674b28f703a5a4473ec53433d5a89e5f855460b3dfd103b52d895ca6a8
0x927595973130F6882A6Cf35d16976932C60636e9,register,8333.33,0xa4908d94ba5a460f3f5581cf26083608dd1bd727cc2c1f45d28dce7b9abe25a3
0x0027D58331121eFa6cfd229291745de2fEeabF38,register,8333.33,0x5604e184f03134cd5010b02e88f8a550d4108c94dc4f07614081ad57da75844b
0xB84E945C700990379370a3Ab32B86F9B0b18Ae39,register,25000.0,0x8343c774921a5c0e635613276bb27f3bd25019b6faadd9f9e432ae74fd86fcb4
0x399CB050E9A95E7ECA522d3866522c4Ae7a77946,register,25069.5,0xcf3d01d50c17f7e8e87da8487c4d08a970cd66ab14d6b93acf7134ed68a0765d
0x0c40db5638389C726924Ae5c24089B5FCb1b7a14,register,15000.0,0x68222f17fd34f2b9612b23bde9089bcf65269f706223ffdff3b05024d976cd8f
0xC40F8cF09f1Ac98f04021515d39D8Bb8b3A7B4F4,register,8333.33,0xb4c25ec3a80494d2b2964537dbf1e7623a7daa0744036fc962cc5ef15f09656d
0x04b0e8Af7fDECb98CF49143cdfd5a938Fdb39940,register,8333.33,0x94ae1ec9ea222843fc52d47f6384687b12ecb390fed0bc8484604a954611084c
0x8662F71896D5770e2991a2E6Fc1836C5C5bA3A67,register,8333.33,0x56972dabb3bfcab55aba31929079ad9e2a9fc5c0a01c023206e7fac81bc63541
0xa1627c2928FdA2AB6f1d58906Bb600dA14E63E92,register,41666.67,0x98f93ba0a4dd8ced8a1652448c8d7296979b4c029b8e8f3127591e433f73ad17
0x01A997db06A2cc70E24F38DdCfCf266C45820e1f,register,16678.0,0xa711c9d1cf734ae5ebe7ae91d8c1371611371210b520f13079e6ee0b8d18a032
0x86e8D8D6F9C34558308251083A1f17f1B584B673,register,16666.67,0xabddd0dfe38fa8746981920e9d917a6ebab8a3e06c2d7349cf2ad0dc2be7a514
0xaa3e73672061B633C5AFaD5C77C79C473a196C10,register,20833.33,0xdddb71cc95595b83a0021c7b1918a8121d18fe00c9f4570a0e68868ca73e234e
0x7D509888D22e1dE58A481115cF2F1CB038D7E620,register,20833.33,0xbe236d0a1dc65db92203e8c678d86b521e7009a13f4bcad59b6a7b10222a0edb
0x67C7530B9dbFBb29986D0f21147335Ade917b1C2,register,25000.0,0x5bd8d2f1790b657c5d55b548d0c4a333f2364484057e7882830a65dca8dc2127
0xd16F7204A749143d1D1B4Af1A8159c1625d53Cf1,register,83333.33,0x737f8141d4634d5c381af296eea3db71162a32f2ac531b3f9c9d198c71c391ef
0x71232EAd3BeC1AC03eCfE2556acd6c7D0bD349C7,register,166461.33,0xd75ae29b08c5dfa3462e1292ab83acdd06ada9e118c0a3e4c8531b1bcd59e565
0x007d2f4FE301922c560D1a752836c4e99e0eD63C,register,49648.67,0x87844caf3c06cc85cbcdd29506cd0af3706365cb7f0f6fc4b1faf1b0b0a689c2
0x0B9757227638dba2A9D924857338909Be9B98C31,register,25000.0,0x7f5815926fae8780356ee31f75701dcfa9509ca18ff76b98b3e4c8f83ec0456a
0x6B2c669239BBdA5987583781E3308692913C3E70,register,12500.0,0x1b29b9fab05a2dedf9fbc8c5825d6d5847c0ef6ad2dbaec7eba496e475b7d3fc
0x5864824446d298D983E779307b7DB6B150568C77,register,41738.08,0x1222f7cf93bab3a6a6f03adf133410bee061578fec164b10ac2775637895ef93
0xc91464bc40ec2F8D0dB23AB518A6D94582002e52,register,41666.67,0x797b0ca8dc5414fe0a1f5ac1d97f1a78051ea9b6b35d26db56de015026afbb66
0xacd50Fa916A38837341EBc5e4cE0a82847B2dD67,register,1000000.0,0x62abf5b8d678fadbd3b5dd9a8c07acf8993a58a3e00166e7914a50558ce1c29b
0x5704E34D0dd5A481eB97cdd1a25CA01fAd6faab3,register,42500.0,0x5725ebe1509d504c2dd1665c466ab68e2c73cce440a86a021bf94ebaa0364671
0x8A6A26DAFb3f10619e8fDf37031Fc4ef7490E186,register,83525.25,0x003961fecb1d175b2cce284f3cff27b6f7f407c19735b36df44c71caaec86ac6
0x432077Efec7FE90c29d99a1c42223CA36bF3f64D,register,20868.5,0x71312c478f2111b84c49c8ba59e053462b82eb487f5529044a832240c5c5b4be
0x16F8ABe6f8Eb02b5604a4F451D6775818669cc68,register,1250000.0,0x59b4a9c2b18e82ecac879f2226046b9a6ea29e9784e3f660ae1206b91bfc349c
0x66b84B20b68bFa80446b35f03C10C9b7D119f004,register,83333.33,0xaeaa043786bdf34bd46abdeee40bf3b8dd8a5bfe52a1bd8868e9c0a03c5a32b1
0x4cE7a85414f4c69CD630BD7dc65944C8C40d7B8e,register,6250000.0,0x067878dc67c9a05e4e563cb3dae23bc6e96905f971df4f561510a0f372c4e893
0x22687280e3df4178D59215892010eb5ce1a23C97,register,166666.67,0x4a3efa1a28edb75a1d830dc69a1c8f4595079081c18f6240c72036a82da66c02
0x6cb3fB57968EF19db20a47A0a60B54872B29F426,register,625000.0,0x5e696e89c6528f7d9c4b0921363d0be9b3a37003608631020ed2c0d7a6229f02
0x2f63916b81403F919Efce91E31EA3e5E3AC43700,register,937500.0,0x40ca7fa4111f78e5404fb6ec2fc092f69adaffe3a8602e8445e199dbf7fd6e77
0x2a506bb610F811810C264196AF8615d30675Bb3A,register,100137.83,0xaf12be238edb7b5d703eac6aa1c7605c9837ba8678c1984fbb8a29fb1bd886fb
0x3A71A78d1A537cF6571CA6d070AcAd1Dc373C1AA,register,83056.42,0xcecabb0c43304215cff66fc291d0556f05213fb04d2f8eee2a63ee7cc0b8d594
0xFB0BC7C46711a06b4EA0341383954D573D04B00A,register,16500.67,0x5af383baeb5d6f7baaa1f848b897572abf11f8e0d36f2f4ba5b29bb147ab8a7d
0xc4788417B7e4B043d84732166376E9683D4f1bbb,register,250000.0,0xfa7868fae5a755261505f67f5d78171d7bb244fa44932f63d75e533ada19a416
0xD22f81cf2DFf059E180A3316b60F86C32220e349,register,20833.33,0xdf097a9179b9b79639926ff7ad42d864f099bfa1eb326059c7ffdca4862d4767
0xD707841A6FC4018ea3ab912554027b3008CD690A,register,2331025.0,0xcce9ada70bd7a90b4fc3de289199497a6122b595d11199ddfadb7b3de0b2a606
0xCE89b67Aec4CaA699ac0D06D5c70bEad8373c8EE,register,25000.0,0x8ebfb8176de8926487ccee66042e2946c5fd2602fecd7e6c5b3262143321fb07
0x6f9BB7e454f5B3eb2310343f0E99269dC2BB8A1d,register,1875000.0,0xc00bfff0af0af8484603714fc7fe5f615f10cc4a5b56a5db53df4b2fc348f503
0x00264Be14E5C4ED97835FEAD9b1d38D17286F014,register,8358.83,0x5fe61478dcc040cac9896bbdfde7585333c6ac94c093331b29dce98342185a01
0x1a7B19D0214921cC6e2C8EBDC00D6Dd1434a4F1a,register,8333.33,0x9bd88cc9f15395f126d845d9e913b2433bf49472cae2d2ff35496daf6232868c
0x996D2f60613691f0774a402A551201dCEF9beA77,register,20833.33,0xdd525d83ef744f9efb6fa5eaf8151df05994aecc0fd767ecb149c34c00d423ac
0x24d87557d204B5d060CAdd81e206428CDb867BC1,register,8333.33,0x68b7d5e2a5587656376d897748ca7b5af7f186c4a603df7caca67fce1f713289
0x0857a92D26bf175F283a60C263c8348d876aA37D,register,41666.67,0x6567fa5d7b5658b474a7461267190fc6768902949d69ccfb3d1fcc1c740bdd42
0x553bAf31F91a66D2De49334C67ec1e65c2dF865e,register,791666.67,0x22a5ca59402fd834ce69a6b8bed552c4ea36ab091463920e6034dc3611a73199
0x08cC6739ca265Aa5A5d7D777A2044B5DF23dBBAC,register,8299.67,0xf24d4584759c7c4213dad8277eec988863972061d4424330957be433f952dd8f
0x9d25Bbc9E0371f60252133A955064861b2dc1B0e,register,8333.33,0x40f01fe1a8cc3945b85d34cd71a110b813429ec12eaea3d058614f3629ecd09c
0x693aEcB51a16153841FCcf9F373d2945dD52b589,register,25249.75,0xfce9c48f121eef81bcc35c61fe7cf4a28b5372c36cc14d12c6222042b5b95b68
0xf676a7c4FF11Fe3909dDcb437F0e86143CaAE0c5,register,41666.67,0xa93fc4599616aefa1b04b02b06fdaa627e200c2d84164ade2e48289096ec6f03
0x3865594502572cA4C8ef3fF4119E80D09ab7E5a9,register,8333.33,0x826f58fc79270ca9ac99ea11825bffd0d352cff033302b71408d0cf081da0bf3
0xa68924ecbb84190CCAB85289134ae99335748A6D,register,41666.67,0x78abadc6f33e8946eb17d9ad6a280ab9ca428e4c0398ec53d01ade240e86fb7f
0x9c680077C2a18F6dA5901bEdf93329a51e2Ccc41,register,50000.0,0xeffdae8231fb16a03730d0446b8f9682859f7ef3eac3819736186584e684798c
0x1328643Ca6e4d80647e2691CC536af6F1D580d98,register,41666.67,0x15976515e88c267a3d3bc2b8400f41f7bdc7d91eea950b257f050278c8dc2811
0xd6770f753D0b62C9570D772fD7873cB5bAe1a2e6,register,33333.33,0x092c9d9ca87018fecfc9b8ba3f5d52c2560786cee5c4f6fb393e0e5ac3d407d8
0x400790B21180330F32DC1Fb5460C7837e9bDF0F9,register,10000.0,0x192b95b93adeb26b0248cb383bd36f8c052df6230d71993387f414b91b4b0b71
0x94B08d23fCc2bF10FC1Fb58Cd458b9d0F10E003C,register,20833.33,0x717c320f11793fe0b1b760031ce5f52741469d2e666cc465f14921a96cfc4188
0x5C37e8894bC84Ba93aB69465B5e347B2E86D9654,register,12368.0,0xed60fdd4cc3e4c32a6268c06f727978be2c7135526739fc1ab420b50caa357aa
0xBBBDe4D91aFe8d3Bba58c98667198B448A9Ef2fD,register,21428.58,0x26b2af2a7e05c28904c679439e87645b6f26b65e74312bd36caa7e9243acdba7
0xcC01bd652971992F9F66349E7a048248965C9CA5,register,625000.0,0xc22a02d39a167a6cab9dcaccdfd1398a653d8c9944272fdc8d05e913bf57fa68
0x1A61f0a98eaD2F0Fd3CFa60Ca74556AbB430748A,register,937500.0,0x896e9e389947b262888057434521564f5f8dfca9462c8db76c842b1e95a95399
0x2514e24C146744CE579bD02f80Ac3f9B4A5e79fE,register,8333.33,0x79c3f9755dc259e64525826999d61ed5b136a3bd930674c92f01b9b35999dc15
0x6975fF63e548D21380796AC199b806865ED2B1E4,register,150000.0,0xb28db66a8ce34f2d72d289c6955c6e130bb07c44f9ac93230dddeeb3f5e078e2
0x16c6A3BF25C255930292c1E2bCD785C537791D12,register,65600.0,0xb45043a117d097873296287f4c4c4f34d18342eb7fd96024b036b00ad6a88b5b
0x8a8f7A718ac653F76fa466a779DDE114C7c16356,register,1875000.0,0xe3bbb8c953d2dc5af7c82a73a771dddc155837093e5db45049369766fa4aeff7
0x1cACE9830aE0174757a179f10d533E5FF9dD661E,register,208333.3333,0xb0892f79cf9299fc372ff9d0fbcf6bb627552fb01baacca47688c312675e64b5
0xa3bC1eBEC7Cfd075359E67dF5bEe98D159303932,register,12543.67,0xa605fadd7f0ce5f6ecfab528fbad436b292a6a456e3a7c7d01ee595c3b91908a
0x96045a68efebbD00F9507448185CC2A5f44C534b,register,21054.33,0xef88d8a74aa48f5139694597f4800ff27dcf0a353cc43c2409ab1c01a92f38cf
0x93Dd827e992Dc9F9265E07Bcadd530B66059d822,register,1151388.0,0x370c6dd45d689df81f1a9f30ae1109d9047cc9be20463aa5596f3f9b46708dda
0xA216208daB8AEbA66080129Db856F4A84F0f809a,register,20764.75,0x39835a2fe9c133ecf931dd0281a91d018313ffbd1d84582b4b43c4b2c767a0a6
0xF8776401DCaf30d45789175c09e27F5767817674,register,716564.25,0xcfafed470026aca17e6fe6444550dc73445ec32d8adff6137a6617be64c4699e
0xDe61c76FF71AB98A862c13Df1bD67f7bfd9A67C4,register,8333.33,0xe2c389d5f706b5b060f497bdc31022b3560db786d040043b7e8c8ca5acdb605d
0x64Daf905DE231Da0e434D0560Ed438f58322baa0,register,8279.67,0x940631c6bcda3797881930ee2ea9b81c0501e52cb28a0c8966dfddbc4dc4f8cb
0x597eC16d948721C51A5D0E2822ddC80B20DaB733,register,208333.33,0x2441b328fe52e96a65996c068ea274408f4d53bc443c561a8b3488866692bb51
0x0e88CACb8f56e36678503886A1a09138BB0F2b0D,register,33333.33,0xd963112a98d654e837ddff322375e7e792ed544714e37891734fa54da2dbd286
0x34324B893f03DDa964cD783d18E1fd4af35Ae6c7,register,33333.33,0xc507b2b99d2f53467bddc5f486bc14d64de0902f6cb31dfa57f7040671316f62
0x3eD2Ae418C40569eC0c8bad7B13008197FC1c106,register,83333.33,0x44c4b1796789fb7bc9bdc34c74eab6ac00c4ac38cf44e761aedbd851d643f082
0x8E36Ba51dDD688B31104A1229b91B4F525C164F5,register,11428.0,0x35a6e80512451ccb4ff3744f0972fe1bcc7f541e79d976297c3107777f2eddcb
0xb73c7F87CbB2051561Fd42135081885AEc9f2ecb,register,413100.08,0xeacb6bebd8a60ab9fa1237aba9b651c2f666f5fd0c09387e47e3efadba4e42b0
0x678fb21b9736e6c7Da9f7d37a77Ab766bb2519c7,register,4672837.5,0x1b7858d5acf00e570ccdcb55224ff2bcbc66a3aeaca5f648efbcf9c85d5b8bc3
0x9a4917b196D0872731A6CFc2B55CE55786Eb2D33,register,10000.0,0xda12199c13a4c3c8ba5e28b27ba770e774b2250a54b2f69d63114d365827678c
0xa74Fe665EcFe333aB992Ed3cacdFe119a29FF7C4,register,16559.33,0x117104a460d26d1f877a50269ecb126a389ee4076387006bb40eaca8516e696e
0xA310F583F40f98398b80c1F1783149B7d2F5a917,register,25008.33,0xc5238270e9c423c96456dab8c3f419c67106e7d6e71ad3cc6b805e66f7797749
0x1c0cc4bE7698CA091C9687715012F880E7d4c778,register,265287.5,0xd7a6f69cc30f8da37fa4ab1e077ac2d3f3dcc9c6c15434baa0515adfe31a101e
0x81Eb449Be9545537C580632025C2F8B019A72A06,register,12494.33,0x34f97df4aef6f7547b84f8f7ab71dc558681ffbebc77ecb4d0def3150aa54a9c
0xB825c3a7380861B02B39ABb4c55a8394b59E6306,register,41666.67,0xc95051bc005d55977932ddae2b00faf8012202799b7cb96e14659e8d5e82fcca
0x31075dC0e7f90d409f0085ca527b6a67273EDc0E,register,41666.67,0xb6c24a2004002d649184a323cc91127012cdddc69b345ceaa1dd8eb5c9c96f54
0xB20a68d58cEE980FF89De02C9fd8EdC15337D5ab,register,83571.42,0xf08cde3c68a420f28eb6ffb78ca746d80c7974843d585669b9de46e1050a15fb
0x5D843c34Ff45D866A84d6913CDabd5845Ba7C357,register,124386.08,0x51164c12351f3f58f1fb5d8817bd0d8373dafd0a7eb2338c042728bc9ae917a4
0xF4a7a8Ac9371103Ba2cF0da44c26def634DEBebc,register,24964.17,0x8b6c53cf61d66a131252eea436baf1a01de217557ea3c099ec964c46e3251995
0xFc442A70f8f4e3d436f1cf8D666d29AA02c3594B,register,41666.67,0xaa9b0a39d161c3b438d648efe9fe9ce317dab03773588d1469e1508889986b7c
0x6A1e42188a1Bb054117FE69620405Eb03DCb9c5e,register,25000.0,0x0e08d1b2d1368df1c71c17d25f1fd0d87a38a5521b5b477f0ef3041a42adcd13
0x04390db11Ab768F1Ab623aE0bfB9078AD35cd7f2,register,31710.5,0x637b873cac9e7d015fdf6e8d5f5904c08c175a4d7ae6e4d00a8f115acb4acf10
0x004c7f45A2cEe4336A07480FC8fA78c101C10409,register,165837.67,0x32a879ffdd67dc4a06cc7a7fbef6f87c646ad0b34d89b51030f53e04a1754ffc
0xF28A3dF93A2Bf900fce19e782dDCAf967DC08302,register,3125000.0,0x25ab8e9cb3bae0ee32c09f37d77ed0adc1c0484be0debde7a9fab5df88ede595
0xDcAfd5fd56F98BC43B6E79Bb9E009e2A0c6f5123,register,12500.0,0x0ff6ac0a1e102b62b55b02656c37e59a35ca3929ba3c59f851ad6123eb804638
0x4C1C59DF761A8F45be5c73Db9FaD1229d9B624Aa,register,8333.33,0x2f39762eff827f8d3d762c4cbf170dda26c701dafa5a8e0ce02d635034afe7aa
0x9F0C94DE55d34eE56fd2Ca7FcFdEFa8ba0F66636,register,16790.75,0x88bad8904e34b82854e33d02d133cbbefdca1d4b8070a7001450954293a5eb51
0xC56Ea03bb14396ed111B19D83C7770f71590d091,register,416688.67,0x44cc74db5f65640e0543db0027603ab705ae46bc2cf95e6d629c59cded865a11
0x35B20AdB9358b7e6AB59aac024c2F4DE7d811a63,register,16666.67,0x480e31c0a2b9d2eea06e0bb0875d4ec2d20ed44531d70644ee59cfea15998d58
0x9851292a7Fbe62f0A0AbfE1577d7C6C9C8499399,register,25000.0,0xb3c1eec9db8e03a6fd14469d1a499772c9a4129a3e6bf88ed7dae9126523a9ee
0xe54b4A9560Aa42B5D6f0D7BEaCd576f967245729,register,8333.33,0x5291d9e434dd3c7b4af7f4d334617aed86b23ba726685f672ba48c0ed81a3bb6
0xEEc64CA6E956D09BE786830f64f71210E6eE3146,register,16666.67,0x9f6aa21c43e7d55fc8ea03ba204317ab1ed0b57d2d262ffa926dc8259bbccd48
0x228dEd9e486f8e00510fD8AB64fF684D6f941250,register,123607.75,0xaea13dd5cd0adc7bcf283173f1c4f07362175e689c636b6fd4fe6fb711d28fa8
0x9978970b369d93be385657766De6acf45D2D465B,register,8383.42,0xd1454162450279417dfc8b5cb238e57bb7c205879fd41c53c760a01f94ef92cd
0x2C344212f62ae8b5CF33437c45865eaAf3eD3aE3,register,416667.0,0x47b90e8122cef02cc5ffceac980f72d81be2281636addf66cd60a2702b19d075
0xB7885cde8b63349e92e351E101A53D07875D0EB4,register,83333.33,0xdf8a182141c77919fdfb9491f80a7036825f54becaf0484b95eabcaa2c74394f
0xaf5b50cE2AA522D8d9d6F06247ec7d877d0EA3aa,register,124667.5,0x8086fce237b37eececcf5e583972a2198767051909d60f52f8c8deaa92f7d8d2
0x832Fcc1649048D2BbFac28752F436Ea39D286665,register,8333.33,0xea0c1a7b9d75acad4caa0aa4ecb82e35c0695fd133808b01bcd36226fee70df6
0x95752556Fa55F7a2F9C7cA426fB1E889E9210423,register,100000.0,0x3f7f63f99bb71ddcf2cc26c9861573f4657926df08c25efeceb5af1e66a5f291
0x9993e4Bc579d708C21667D4244596b34E265cfc1,register,9166.67,0xbb55965186cbbcb200c1f5dd866a079921f929bd1d124ad8d4f210a58ebc7445
0x4cD583c9338B977Ccfe016248013354Bd4246a5E,register,8333.33,0xd353d1c25c6f7f397d63de6ad4d371de122a7f42f6a58eba514ec8952eb5aa2e
0xBdBABa3D5eb1089f82c98dE6738C2C837A1DFF62,register,125000.0,0x08f4c6523879e2067dffa1e4d0799e9c3b53b554a480ef3aff7ceb4f8ee7316f
0x49549e1e29a26f5Fe1C2Af5389cDD31B1F49353A,register,8333.33,0xd774c9ee3b0fbf33e0efaff3bfdb11cc14ff892bd5ef373e5f31d298468285a3
0xc8Ddf37D375ef2453544C9AE4Dc2Ad821af42B1C,register,8333.33,0x6961ab4d544197d0adc4fbd42c980cb014fd08b77b4646fc6fe5dea9c129376b
0x1bd39650266B94Fde58a72C0e2BB17D85708D3Af,register,16589.17,0xfde6ec084bf643587f814a99d5061cf6398113826bf7caaba8b4be12bff7de3d
0x0ec24fBb8c5F18a482c5CFE29d772ca77AB49143,register,16666.67,0x78738e5040ad55f74d8e196225d07336f1567dcc70e894f1235f8f060d174e68
0xAFfD9F4501df6BA851e17189f7912C19B70e3D3C,register,16666.67,0xa0b30b8e91b042032629e74eca77336bc91afb6e504a4826da8ec755fdad3cc7
0x542D3e3c869cd10d02D233781f70cF72D271f494,register,83185.42,0x5688d0ff8ed3808163c7a14db8ff93b4a92a001508baf7a2401d3a1a93be1e8c
0xd9A837C2b4166977707Bd514f3D4885FED1c663e,register,25000.0,0x72adc05299a2b85a4408c7584d47bdfb1a7a29817d46a164e2b05b5c1d2f2ead
0x338A976d6Db2400Bd1F42C83b51288522aa1aCd0,register,20000.0,0x92fe4a4a7e703676abc1ecf7e8793bdf982a41d586b76ffa7e2cf46c54de54ca
0xb8dE23339852278Bf5fB35D7A02b4309dD83D02D,register,12189.0,0x1a98415519a9e4f5b4ff6e9d78b50fbdfd02888830f601ae0b44ac818e069ea5
0x2D65C0B4528dfA607611a0B2c1eDc32fB0B244A8,register,1427450.0,0xe5f3cc50c9f36c4b245ee616de3c1577006927e43dd91a02011e975ebb5b1c01
0x91dE1E0C6Bee34903bdf4C08F118A1ad128B9E6a,register,6500.0,0x98287eed3a31ed7dd970fccaaebf8d2bdafe44aec7297a792ae4b672ff38f989
0x02b2fD7356A2798bACF929E25963d340Aa41F079,register,3125000.0,0xb87c4257b8d063feccdc4f061aa7d161b1f3b1cbe7145f7b44ffac13735ae99e
0x6512264566bF91eFcA43cAd4e4495148511C9EDC,register,20833.33,0x7fed8e34685e0d86e8d65af2af6e9bc815064be4d7a0cebc1acff3bb852ab62b
0x6427e5296bF3333cA0ed31290c420951864014a1,register,2083333.33,0x9a7be694a1a34e700ede97fb57ad500a1313a775940f6bb5b458cb8048c8a57f
0x2573623e65748F9848fF10Caa34Bc6931753Fc60,register,41666.67,0x7eead1306f3c0e9e004231229a341381e250a61acde2dd67af8b33cb97f23469
0x5405E1bD99C9C21E408774274F6F1A17607DCfb4,register,208862.17,0xa2abb1398972ed165d87dec96866eafc712f319c69e3c99fa05ed6f7260fcd0c
0x4020DC404D9470E0F08D2E7A8d6eBc54035CF42C,register,58372.5,0x044cf18fdcfaf097ec8fc447287c896290e32089c485ca00db21c45b40c1f439
0xB424704c8b5048C3b8a81f930D98DA63E4eAaCe0,register,10009.83,0x9d514e27272955f54da12b85a356d9ebe6104104b6979ab29c1d4b0e6d4c9908
0x9C5f233a522D0cB9426e5Cc6532dA57a8244309f,register,20833.33,0x30b5357d232ea6a1a0fa1d7c86e2dedca1ccfd862cdd264e3deed688503d3387
0x3D18B8EFff83e14F1029745C8599A759B1f46925,register,10081.58,0xf052e5c1f3c3d0613724c0421e05179ecc4abcaeab5ee54911755b9ea12bcb87
0x74B9Ee01EA740c5D61E3868DBFD5aBe504269ae6,register,41676.08,0x6633be57fd3e4741cd07050b147fc883a09a2058f31c0c9d58e5932b469a9b31
0x114b32C82776A87eB85b62850EB5e7dF8961B1Ef,register,11666.67,0x9e9440ecad0b5bfbc2ba0c5b17b8f2833a62ace9ee06a4630b08152ff8d7db00
0x4C52e7E8850Bc4C4104C354C740684d01312151a,register,124678.75,0x4571a3b2c04b4672c664c777569124a5c790bdc78b45cdb25dacae3b327c03c1
0x33212F5c0F618a90A499220ad4b6e8681dF6E7df,register,332849.5,0x745d36063f4817507a42c7cb034ff70ac0947fb62ce369347de842478d6d5fee
0x35f5eE6444966D7E06ae0132d4dF440f7c54AcCf,register,8333.33,0xefabd2fac982a50f22471b96bb41bcfa9922efe0a42f29e1103f03ad26437052
0x0b04b75D4a93A01347551552e441aE3Ed71f3bf6,register,41468.25,0xaab04002cc863b28a4b193f37c147ba77d0d668b23d00ae37894b0f7b9221d94
0xb0d4f6E7F4ba4a7A4F6Be4A8C41C98250d3033B1,register,41676.58,0x4e3f5870a385ef9de0bdbf32de05a956341e096cdd2094fe2f3b8118d550dc2f
0x46D2ad79D54b23E80b4470351d7345813ed5d9c0,register,8333.33,0x7c0a4745962dc3db81a6528425c100d12b65ca5837d0744b305e1caa510e2de7
0x844b0555d863743Cf811A1EC022535C92E37D578,register,8333333.33,0x8051fff092b83be1548690e1c899c264a71f63684ef3060fa52b79ff5e705e76
0x8E1B7E5EacEd1544e5Fa0860cf25015702512339,register,50000.0,0xce01a62627f4678a5912286817744d294b687df5a6ec518d9871bad120a6dd80
0x639FEc4692f58B599EBe281e73474d91928b002F,register,25000.0,0x18c142778b9e55769c72550b34a29aba0b6fc6359bfa92db322b0a01e5a61792
0x90cc74ECA2A96bD47418d75E523Fb5FB450353f4,register,12500.0,0x756d3e313c256d3d6380c2a6b382729cfc37fdaf6482edfcef3fe2f99340de3a
0x96605419732135856A49F6Ab901512e35aFEB3A0,register,2625000.0,0xef789a04d9db7dbaff97dde2a206bc53892a4cbb6523e3b499c73f4c985ce758
0x38C50e55F3db51964b6D15dDDE5d204AD2cB9043,register,12500.0,0x6146e71016244f17b63d27a4724ac73f25b36d5826d7e20f9cb7544e0e5b141d
0x2fA57186D6e07E2F4c83e03808fD48833c2e5850,register,54166.67,0x0949575ef160571733c26e08772354e53b0147f49df0e50a1aeea5d70052821f
0xA91Ff1355ad3bF8938E5f84594F31F089e76d1A2,register,41702.17,0xfc299eb8def2976568400fbe1b192de2b8cf7f12769c9b846339055434b0b798
0x007d2f4FE301922c560D1a752836c4e99e0eD63C,register,50955.08,0x961f628793625d682c415bc73151f4fec047a47bbf6a690acfaa609d3e025cc6
0x3E33292b58036858b3F39345591077033C1D765c,register,145824.67,0xea341d2b371cd7c1794bb99579a023449d434be6d41668e1033cde296ed39620
0x1824DB66aE6D644F0BE2aEC44eb0638B76e9A6A7,register,25000.0,0xca8e97557dd989a4045689876f6d6ba7cc36168fb9327d0f2947905677c9a40a
0x8808782dB0a06479F47e360980C8c7160AFdebA7,register,10000.0,0xd6d733fa7c48296872adf9d3dcedb874851df4f16e773c5e2b241df14868fe94
0xDAef46f89c264182Cd87Ce93B620B63c7AfB14f7,register,8333333.33,0x91356e21fb0089ca6ffca90501996431f1158e2d6b098651e387a3fa60c88057
0x11fB30bf2aB6dA69315C2C4185C2Eab0e656145A,register,4166666.66,0xca67d5400997a99eb14fde96001a54448f5ba89caeadf8b8f4ac93cbf848aa2f
0x6d22C1d04558f55A94c892612c6752B5aA916E49,register,16712.75,0x4fe339edbdcefdde6e09649409385eda67ab5e3de2d194a8d35bfead1af937d0
0x154a069D6B08e9228E1f0929CB2d01AC68E21Efe,register,8333.33,0xdfdeb5d77fd837f16789e6ea6b3c50be1bc4b4c70bb2a969fa59c73801d3aa72
0x76EfA1F2E50cCb246E9f65536DE4e6FF11818a43,register,4745550.0,0x1f91d8e22b5da36eb9b1996f0aec62d868a371f7cf0d9ca18ac74eb866812210
0xa79e9511aa19C6fa4eBEDb60b2Eb92e503753615,register,625000.0,0xf53f838c2fa8d78e32f0f6b0b6bb2f4f30e860da09ad2e7d2396586aae9021af
0xc1e450dE22b7d5A8d0cFf2Db7dC7d87D8AedEA1D,register,625000.0,0x89a57f117972bdea366f6f40a7e8d7a085244a01cba05ecf2ddd39718ab51a6c
0x7D6aD33390cB055bda47705dabAC87D3f488a427,register,416666.66,0x48ee6a523828a8ce97a18b41d431d10466c5922f8b605c25f42c2b0842d46071
0x7C8879c0Ae2813571c08a005538492e77cb21233,register,10047.17,0x5cb9d88a89f5bdf33dea2140789de1dd65c6e179ed6cf86507fb592a78babd5d
0x65B91D7ab661226d151F5aF65791820525c5FEda,register,62559.0,0xc9ca285e4d35b40f4d4dc183c7014af33ff2eb2d341b221dbb025a296aee7a8b
0x78907d1F9706C6729DD5915D36492395a9350385,register,416666.67,0xd09be985a3a332f1f5f36c7eab8c10d3781845dc2cf05300baebabcab7e62b1c
0x2A6A6c5160005E99541A17a0625C004E1Af47458,register,416667.0,0xedeb88c8e80ff37c57d22a783eb8030dfeb6efeda5e9310e6a80493a3eea6d1f
0x7E3A5DA25C90b4EC0b1a11cf8dAC6b9F8C131307,register,8333.33,0xa1f54e5ab9cab1b79eaaa4e495d99d249e3e3294a62fb70e8e86ac2360a89441
0xb3af36CBc180dCE3cBAB06a87a6358Cda6a1869f,register,8810.17,0xd9409ecddb6a3057be74bd0ef66412ca16b642c35a55e5f140759f75a98aba09
0x3AAecBA73BFF31D97cd2662EfBDd98EF6b3C9a7b,register,8376.5,0x49dd1ba9c47750584a274ed2a27c0cc5163f4bacdd00fd3fa848735ae7f1a91e
0xCBdB5F72c78C9C7EB0a7F42aa2985F37a53f86b1,register,23809.5,0x7e04896e75e916933de21e257b11e6170b64f36935d426fb0807fecb52e7d3c8
0x788550D00579F66c06ce209D14056C8F2c0A8188,register,100000.0,0x0bf03424d046a03afa0040ee1ff367748112ac41fae2b4d57210166c0aec02ef
0xBA9cCFd7a8aE82652Ab0a4d1500a5B465433097a,register,33333.33,0xc3399d8f8ace10eee204b931c128dc5c09ff9c39ea41918933902c075efb8404
0x83825A48B884DE35D1032b119069606BC850F586,register,133333.33,0xc816d19f1933b581cbcf7a2e1f7cd9aad8c562b8dec5c3de462415502f397c15
0x3AE22820018525f621356F5e800A38fe91b5d1Af,register,16666.67,0x35c8a3bf09b72aeb7d9edd3da7588492d80cf696d26bf54c42c68b2f2fc9127d
0x20Eb2bDd848F6875f4a4C4aebBeB0b5bDa70b571,register,8254.58,0x3b9e16026aaabc9b1547126182efcfe812a46bd59920bc96313af8e019bea247
0x42a2add2F0c8f278d65Af110931d94f934678A0B,register,25000.0,0x777c297472c09603a3a38ac60411c3801a9263d0dd28fc574511cf049f8cf6fc
0x7D7e8dcA3C03Fc6C9D2C8f751640FefE4E7791DE,register,8355.83,0x773dae5ec9bc6c378fea35673ad8e6dcf163d3fa4dd8eecbe3fc28fb193d7efe
0x667ca8d0B0B952D3E82eD6889e8e8f2fee1feE3e,register,7916667.0,0x505841cadd5a7265bb4935d6a73fe918be952de32f07e56d5875ec631bf601d6
0xFE3795F64a743d3b9a08f50C4115EC119Ac9A9d1,register,61428.0,0x1d98f6dffd6db739cf93c6761ea7451c4ab33dc2945474173ea503024a5209c4
0xC4a3507f01286c0FfE9FB375e3Dc3c8ec9bf462A,register,8333.33,0x627fa780d5544e5991c3b05dc72cfbc2e691fa90bde21d9b8e3a044c566d27c0
0xb3e4Eb5709c2846a16ec1379b09dfE53b91481cA,register,8333.33,0x344e010681fa22e70b0451ac23dc9826d49f751c877e1e76e2a70df236566559
0x34Da8ad494CF29bFBBe325d3125afF16E2281b57,register,208492.5,0xa2c2d25e02d2a5cbc9372edfa2e107c99281f86494f81287d1cf67ffa2d945ff
0x4bED5dD58d99Db8eE963C436c440089710c035b6,register,62500.0,0x25b49d830223e7bb1c89413f8a660fe7cc8de7be90a52211eac23ecd73fe0bbb
0xC79b8B9503Fd25Ea245618bFCF43960E6dc9A118,register,8367.58,0xa18a7ba6d3b2d88b5ed5335b5ae4cd2a4fc32f501975a34ff2e9957e753f925b
0x163F83e4F93aBF8360492e90D471015108D0B816,register,83333.33,0x73631117afaaa68194b8c3bb4b199dda2ae64172bf84951d6d2875f4d42e9017
0x831612cB7c3628A2258E17A595B793E8912AC4Ea,register,8333.33,0x79a778930f98e222fa3b863eac7d3987068129fd3e09674d15a51dd146d36c24
0xeb7bc8F3745d584087fD2402590A8A4207A703D7,register,1666666.67,0x5ab1e894610139d68406af7d829f684a32dcd511c7ffd069f2b3675172b637ae
0xa183b917B252abAA260360445b820bF0776269bE,register,2083333.0,0x61309e9f71cb61935f481a88289b6e4cd24963e2cab1158410c8b4d49f812a4d
0xEC7A8CBC4A57eA480EF848596BEd5C2Aa5979Ca1,register,12484.75,0xf1ac317bbd5bfc1ec7a977ae092861c03dfccef91f9ebe192c6105e9e82bcdf7
0x40D104a6a18f137a6A882D1E322B998A5c47968F,register,1250000.0,0xc62da674f7eb46ffb0f578637f2583f284d19cd96702af6b285274fb99eea829
0xefe65FfBe16e5A6017B3A3B0d88179f2C4Cd1C38,register,8333.33,0x95986471c4ba3dd1ff30946740775315fbb6c3a90cc28803572494a69c0506a1
0x8C3BBD86119c6BE5E937C5C40A7f2dE7319Ed3a5,register,208045.92,0xe554a6b7b5231d2fbd07a6e30327e2540b0b7bb655778b649fb6bca4c733a687
0x58f5F0684C381fCFC203D77B2BbA468eBb29B098,register,12500000.0,0x70c1c5edf7e705664aaedfd803b208decd10410da749df14cf21b305ab53d868
0xb4b787d47b2843d1448E970fc544694f4B93Dc74,register,2500000.0,0x3463243cb18270597f7fa021bda1418014f2cda84647d51d2ac978beccb117a5
0xf0CC8CF022C22D27dC2813a34e71bbb53C24AE69,register,166666.67,0x0e07bd1cfbd15654445127670ad57199397b6d691ee79a6b6bf34756f7879fed
0x39e15a50Ddae9e65F6e5f83476cdC21Cc74B4FE6,register,41666.67,0x19804a9969b1d99d983f9d8e046f9bf8d28862e577968a457b3bd9738feb515e
0x4245048CddA4B64aCCC5b50Bc7b0E7BE40E44cDa,register,1250000.0,0xb843bca6d214aaefa2df2465479b68c97f969a2abf4ba7721cb974d51dcc1975
0x0e3b19dCEfa1EB766394Dd533AAF1e996423AAbf,register,23853.92,0x30fa0b8c5c66cfe780d3fc9dfa103832d81288b8e4e180c98fde42b56ff1c799
0x7CA645e78773b553344327B17DBEaD8C0D385CF8,register,83333.33,0x0ef3a329304eef96a33c6e202a42506bb9c3d65a44ae91fa1632022b0ef923af
0x0383E62FC75EEe2a9870E98D999452d1583914ac,register,62500.0,0xa6112c74793e6d28a9db2fc09286b6aed6ed9dbba5872cfcdac2c8c8826c785e
0xA46E7fF03B17DCEE999Be034C4aD0D9E87Fe521d,register,416667.0,0xa6cbb1b300ae001e6fadfa42ec653ecffcdcaf496cfa7727428ca049358a8801
0xA947bdB4691d80Ad936366CA03AFf2C2fA9177E0,register,1875000.0,0x94cd9c9f402dae1eb351736e9c97159198d297b7cf8d10af22c203eb335c2e81
0x02137c578891B3eFF47bDB95B63C8D2DcDC6f163,register,41666.67,0xc2622f947d1b38bbffa390efc2806042efb8f07197660923f4acfd4cbd10618b
0x23651e9A11747aD5a61773F5599A63805019Cf7E,register,600000.0,0x5d74a6ad029d01e8d8f7a6ba3f9a257419d101fe851aa28a8118b08750902e22
0x37fa58e2e19c112DE48e8735E9ADCB2bE5acD779,register,25000.0,0x98d30e71d70ce126ef01b5aa5cd3095edcafb12806ed77f0b7353bc536c7fff9
0xacB46B4B7a86ef2B2f748eBB67b53689b688181C,register,8333.33,0x7f1af43ea2ced99ab8890f06db39d0f089fb5e326e501ab915ab9157f92ee483
0x0EDb53AFDfBBfD2D07c9A88e2F616A210b3Fe5FB,register,41666.67,0xe61ac1a26aea773a40152b7a815133c2fdfb58feb9624d95fe3a0dde8bceb7e9
0x83219dA86000f52ca89D165DEC5b7CC473489918,register,125011.42,0x0697d03656b20345f79ebf4a6eb2a37394e9381d9516a491677343254d66b58b
0xF410F111E3C45f1a28f051E26E4006334f59f72D,register,1250000.0,0x274483e3d2f35231971af9d0e18f752f5daa00d10b3a7cefdb71dc6796dca895
0x9CF7a2C88F7953C86d7EBB20ae711FF74E737Df3,register,709593.08,0x305fa309dae000dfa57516e6b90340974ac5f963712bc2f89b4946982c0161ce
0x3c26B35220dc886bdc7592395D640648fa755D0A,register,41666.67,0x1e18044f053930bda71c68a61419b93a03edd7a5e1ab4cc4995c7a2a6296f766
0xbC904354748f3EAEa50F0eA36c959313FF55CC39,register,24994.08,0xd534fa0f6a5fcbac2daa6478c26429a8fbab4a41ee089c4959a7f3f663cc8837
0x9d65298771Aa4b981D50Df81166a011312C6b9ff,register,16666.67,0xf77384d116ee4c2577f7a8533e7a5899518a55e5d9f741b7b17e82fd7633bf73
0x63905D4e92dfa5A0828E8388A4a7E07Ae7583690,register,20859.67,0x2ded24357c7050a3d89703cd62841bbeef8287f94256762534ba516574c88a89
0x17401295DAacf8981f38Edb81EF290082dceCacB,register,83333.33,0xccc08ad32289c2720608fb5cad355661827480db92f8b29e13d1ece3550f84ad
0xD28eABD0921f2b29F9A8622D0F044098Ff2B86e0,register,83344.5,0xa5351e9528017a6d7c627c0513dc517efe8de79da6f6b968279988390d50ac0b
0xE10E73e8543C6Bb93DB6f312b3D9fD7Ca046bF54,register,10000.0,0x5ddf599ba31c63ebbcffcdfb4e16eea5fbc95e024e80f5f02c63ecdc264d4d0c
0x0CDe85455F818CB9aAD901E5F2DF9676cb3dDBF7,register,100104.08,0xc24321010a55b4f56d596d5feeca162f372bbe95da4fe66015c79f2af482c20a
0x4827dFB778426e5Eb3a117d20ef3Cbe7DE56a72b,register,41666.67,0xa4f473038bfd5d74de9644e25c765c154b45717f3aa767c480d9ea8890dbf49c
0x5F31691D7DdA2f126A6A409b744C489320955071,register,33286.25,0xb65b35fe290ddcf834438e442664f7a456b12785ca97c9cff84207050d0fe172
0x2AB66cE94436c80CCa1B45b404fe681e4c96fFb2,register,4002894.0,0xd6b4e3f971e62f722fbade1d7a532e474aaabbd811b2fbf8c95f93c0a4b45355
0x2f4D5001e15c74a6A10d370De3D5b6ff4589c7Ea,register,10194.17,0x01b63890c9a26b7e9b0db65acdf753bd9f4daf8ad40fd9f8ec1dcb5b36c0e788
0x7Fd413FE61a1F8F1B8289cebA9210F6c3E6CC1DC,register,62555.5,0x5bf5dc75cabc483b681e318c21322482216e9203e467b42f466ef9d48e184af7
0xcB726F13479963934E91b6F34b6E87eC69c21bB9,register,41669.17,0xcf777d083558b172e29be8a60023d9a2ddae20e7048a5419683524f8368c4cd4
0x9061A702Ce509DE1D549Ab3e720aF56a88EA2Bd2,register,12390.17,0x30d7849836cc5025fd0bade817d1cb6b0fa2f431bfa772f477688b3cc1e5d897
0x25aFa567503939E17F26Ec60C180B4Fbf5074016,register,200059.83,0x68951b85ff3a994fabf8a41ee97313ccddf535335732c8cbf736c5fb8f1946b0
0x0449262d2b3410FC9719F1cbcA81d47Ec28BE0BF,register,25046.33,0x796bdde9539e8b14e1b417238dd597ff1b8d4091d6b8fda25d67fce7756f40d3
0xa95Efe8672144c036895d568ca1eF269abcc9849,register,39218.5,0xb58c3de3328b66beb3baf51b4995dc1cf9a750b68e654239839d27efc1534e91
0x40b3eE54dFdC37d0010ac94E790a76d423656e26,register,250000.0,0xf104335015e19733871f10d963360f2ddb24c0ef8cf972e85031f8c78eb82fe1
0x97D3928a58cB7308fa7A95a1756111c3E633Bf67,register,1500000.0,0x4f44af18d5b3101ffa5107b2bb826ed1f806f2e5d82ef1690dfb5fc58bf1bf31
0x9a39aDAe592E1E7B70E1AD222ac6B4788a319a52,register,125212.08,0x932ae6ed27ba0fce5c3a39acfb7b472855cb7e84c250048f2b9d81d3fd6bc2d6
0x16851d8BB247E2C96A998bFB704afce5c718Bc1d,register,25011.33,0xa52eb3c4aab27cff38e7a67b351ce677c4255232900ea27a4aadeaaaa231e424
0x50307Ac32a852730ed4A8fCe7A8C3cA72C7638Fa,register,8333.33,0x8892cbaa37a4ef545507365fa3adeabb9489b70b6edf42d9d553fae3228eca03
0x2B295eFb994b0E0585d96393D65B8511C64fe447,register,8372.17,0x4cd225e7ee3b13d48ba11b419f8373446f5e0b60b284e6ea50f34d9e8c4ca571
0x0062Bcd4CBb3f4501CAA19A2AbaE06C7dAD957e7,register,416666.66,0xb795186eae4b59ec6afeb74fa84df6c94a7f062a92cfafd541c5d87d63ee387a
0xfEf73502Fe8a2bcff887db5C899dfDf41d3C1ef5,register,8334.42,0xf1b652ff8a9301163b0b1b0684ed686159c2264e828ef0eb643463df4b180697
0x42A89AB80CE28d501421Bea84F03C69B228Fc850,register,16543.42,0xb3dc2c348ac9b63ce4d6c0a9a8a7cdc25a99b127d4be7323597fb97c16f2fced
0xb38cE8222Faf25908940979C009EF741a642E7Fd,register,100068.75,0x2ad72a23bfda5f59863d6ba9bb00e49e82af30100d1574f98c2a7b4f6dc932e9
0xa7a46AF61B454fE1C608E91AF29c447703c1cDD4,register,12390.17,0x2cf6fdcc0916fe38226751d28eef365006e89db9f2f65c62de99259cb7815a0d
0x28C1F45c8f92586EB4976Eeae22d65E897F9350b,register,50066.83,0xd1d9713ab645440673bde95997e37677d4159aacabed95bb30fa9bb78f09ef16
0x74687B762DAd00599794fbc832Cba67d58D9e37f,register,8333.33,0x8f4c9ca87b867d39fe45bdc113f7e2af207e1c11fb696245e409dca11e2038ce
0x9A0619114B945f5dec16aAcc138826fCA7D15Ff1,register,25000.0,0x79cf51199f1dfbd45e016b4970009485f2f4e3a356ec95a3ab314267811e0031
0xD80EAC405d7a738526a487D25c093179f2B4FE2B,register,16673.0,0xb92f439361d5d6dff07a63de9b17731af435e6e63cb065a9bdae5ee587443675
0xF557D49A2Ec4072C6ca899070648c223fc92dD1a,register,41562.25,0xd30d7c926110dd25eedf0d8a6853a972346c17b35158440aae15289e8aaf2c10
0x27c1ceeECD1cbce7C45e472F5CFEec6525a7d754,register,41666.67,0xdda46ff8ff0025d2dcf240a95a0f96b9644e314b462660516cc36223733be0b0
0xA0eE9029b482ca7e13Cc9368Ad480c670803e957,register,41666.67,0x2943d565a1a940185251e42d5ef76f62f0c008ab51d1bb55692a926f6f569e33
0xA2a31C957573C42e505399971f5d196C8701c1Df,register,12500.0,0x812d5b61e20c1c7ef1068d67348acfb648007985a0e59f19c34645fb60668382
0x7995Cb61Db1689151c8131BdA3D9840c4C89f7e1,register,50000.0,0xd0b38879554aba897ca66283bc4e0b8411729817ae20624c510492dff347f184
0xCd514eaE987A5A619e7F7EAf7D143fAAAe7fd289,register,2000.0,0x6f0b9970810b559980fa7ab8aef339580eb1c746ad39803109dfd7566bd6d2e3
0xd03cf9Fa773dA40475BaEad68E59C954C5AC77b6,register,6250000.0,0x521c9b9979633d8ac96cf5b8abdb4190e864f21f102a621396869e5c654e7a3d
0x8F646E513AcF2f4141325178979BCEe96eB78556,register,208346.0,0x719c3e1463a4aba4911a11a1bddfd7c1aa666677da7bf1dc2af47ee04086edb4
0xFD0436eF0cBf9198ec4c3837F5f2567DAC38D9b6,register,2917813.0,0xd5bcece3c403a6dbf5e425c84a91142e8ba52ee2f28c37fcd571b83565daddb2
0x0aFdB15841d523F12Cc76e4E2E1a63a7E3c84Ab1,register,8333.33,0x05b60831438ece9f6e2ad70a9d728baf5385019a4559808c38dd2b530dc6a669
0xD7492aE646Cb1Cd1B57f57fB6dC88446586B1186,register,1428571.42,0x798955ecc0aa14a33a34cd2db0e911746174c28f27ff942c812607869d6f3aab
0xC0304C7bAf3888A4BBC8f7fD59A48890d08515C7,register,17500.0,0xa676fb0690e8043c05b777f7ab2187f3272d2dbf03e00e2c77bd56a628ef68f5
0x7139d53259Cd7eF240a8Cfc186070A8f2c11693f,register,845208.33,0x4d0bdad387b7c720a29f0b39f3e10eaa09e9904377820c6e3c71db25e3d51111
0x4A90092d6E41442d65f53EB719EF902A0643AEaf,register,83401.25,0x096f96688793128533a3c548b2cdd6e6503b092ed714adc7b048cc4a5e00bcdc
0xFC516b9DE5E601002C98d85a8984EE100D44A08e,register,666666.66,0x7c803f134248f32d2934a65967573f15531596351ab7b4eb0aaa1b224d866b1a
0x661097a23b443129437eFa75b52Ae79425b54f75,register,50955.08,0x8a803edd96b338b6ba37dd6a74e43b0012c90dc6b5e882e055b0941325c2cf4a
0xfefdF5D3580Ca0e30aAbd32E11bd53573B66D4e5,register,145824.67,0x8d1f4a691c17e8a193417dcfe182ed02ed919052466922d08860a0fc503e8f54
0xDcAfd5fd56F98BC43B6E79Bb9E009e2A0c6f5123,register,12500.0,0x98d4f47a405769bd629136fa63adbccac2fc0b287c46c0a5b732ca6a77d8b10e
0x7bB04B463462736E2011336EbA19cAa1092AE886,register,12500.0,0xfbd7b70d1937da103605fc4e7c1887c75a98a6fd185a19cbf9e9ffba022f3081
0xE6Ec993050B9Bd6fcA7e6AFFD4ADfd94227c90C3,register,2083333.0,0xf05a788526d9f4c1f5562cf4cf9ce36b993cad939d6ffbde6a47329cf4888eea
0x2A3524f9369C223717FA23272dC6Bac97CD81d99,register,166689.42,0xf3f23fa42b9b564fcd7a89c91a3082231396c0917b71e2ab93e71d3e659d6d13
0x710B156EF9c905C68880834cEC3CeC92CC1831A3,register,26554.08,0x8105217e1b2ff875c25f09b6afaba93f5642a0b8e7d5aac74f74fa0fac88de56
0x2Bd6dE297Ca07672A5702D21F24E9ED12D838A2d,register,41666.67,0xd4f255a718f7cb61f4565b8566008840389346376c71c7fc72a766e18c734d74
0xAB0660c7a6443efc6F79c7D70dBBE6d329e705Bc,register,23809.5,0xff2d2ecb08de990cc24b25d8920d9be5267d6d534521c2fbdbb41efe90afc2af
0x9408667be73fe1DB02680fD85F81d26E3c938B11,register,20000.0,0xfc531d003a3c790cb50dced09590bbc6385784291d02ef3ddf6b8369d2342902
0x17F943278d5cF93c01ff5A7f487e6236dD81176f,register,83333.33,0x75f055fecc0382bb136d390672c640d4eefc47a0a79b36f1d08df9f534696916
0xdce2C3531b220d2a1E97C15F5B5cD1B28f6701DD,register,291666.67,0x660f2dc0634b2ee235530e16e7d8cb839c6e6d6a2ab62cf2509c76ff7d171ce8
0x87F91943345923039182ab2444b686dBc7c4a200,register,4375000.0,0xe4fd3b89763ad031c40aa41e5f62819a9682e486501acc42c03bded6e8112c77
0x8838b5bfE11be391Ef77499d902D03f67F57523A,register,625000.0,0x0f10d6fb12040b5e02a8e1279a9809abd5f46b22deda9c19b8d71de06503baa9
0x1da0F2A58e65d98a8D04BA3DA56Cff9f5aCE5615,register,16666.67,0xe0b51ce770c5d50d82d4d24aacbf082fb87c1a5215e36d80428a4f79d994520f
0x6b2CCe4A809E54c6529A7396bF22dA8e497a137a,register,8333.33,0x051085c2a19459e4459d39a0a5cfe644b19ec6257657a9ad87ac3eb6f479e950
0x51a896cB5E60C59A21A22c90293d34Cac56713F6,register,75000.0,0xd5c47999b7fdb7fe7625bf2fe163257993e0b1411ed95ee5e2fbd774d00c635a
0x28a8d70442967b54dBB384C3b4a100e066D650fb,register,2500000.0,0xac6cd5b837ce328a86e73220d24c625fc9834532d9ae5a3e5b28cc8f10bda5c8
0xEF009337849Abc3dA23b1A510391BF72F6B01F7a,claim,1.0,0x3a13a40f9233b50a93e1f8f6e9de6020979802157c9586a959cb599696a7fe73
0x29A09A45A487D6ABD5a57FfBe4b8a2e52197F803,claim,1.0,0xd8f9d130bf4114e077990a2b5aa907444d197d26b63dcfe445b0e7e0ff3739ba
0xE7FF94f31E6023dD11a6fA39FC7f9c4611c600FA,claim,1.0,0x7a81af12a103bf37521eb3b053d5cbdab4d9b75463ec3f3d7af978abee6125e2
0xF10B99017a1e5D26B05fA91D923c150E701B05A8,claim,285004.0,0xefee5518671b95a1024cc9384021e3432244a506598903586bce88412dc94ea3
0x6f52AF948A6F119135ddD1951Ed762fF4f005192,claim,429795.58,0x62b8492c3f5f912d7fe351c3e11dfa9a85de986907a84a3f1f4ba66f7dad14ae
0x2C4028c80336419Bc75ab0b6B939844CdBEF2540,claim,2306937.5,0x09c8507802e28d33ed9b9e962507c38341fd5dfbbee2d26ec04072bec8eff528
0x71232EAd3BeC1AC03eCfE2556acd6c7D0bD349C7,claim,166461.33,0xe14e37ee45745c9b75a35203780ff6ea66560bf9e034709f6d65ca10d432a3c7
0x93BCB492fB4185627c6E507f7016C77eeC7FeAc4,claim,1054112.5,0xd32c44268d37298f667726501eda9599ce6ce466824586c4e93213dd040d8cf4
0x42f68d3b323dd4C67ece9D224D419E3124F2A374,claim,5324350.0,0x2b1ace114e92b347e2542849a3f1917052a7824f9e79a2a16ee98cab0f6d6f9f
0xbC90B3Ce40fc3Ed921D910f3e046C65954fFF7cB,claim,625000.0,0x106a9258de67fc60a947b97f2239bf78aba411ace522d1026faea266e56c77cf
0x9E0afcc4A6d94Fa2e1f529e8e2F66875b67B4F4C,claim,8333.33,0x639944ba78164fcacc68e8ec119124cb5f1c7e8aa4bc70de51369a82882359ac
0x3674840e64A5B2176052d9F65A9AC7e8dBF7bD5F,claim,1192775.0,0x2a1b0e68a3eb3ead0cba75c7e4c80bd69bd377f7d3b06de94cb22bf862569b02
0x905599deD64C5b627bc05AfD1A73Be4D715825ad,claim,83333.33,0xaa260942a76296821635079a0d2f01a06d5b44b8fd3b8555186734234a0469f7
0xFD20c7C25f8c5404F0632B2f072b68dbA0273C6f,claim,8333.33,0xa44b00f280a1cce41ca3f8b37d8169c91cc6b0c4d629375e17ff36875f4ea43f
0x2e78afF7d00f6b3CcD08be05ADe9698121F1f307,claim,41677.5,0xf75c36216346813653ec71f63b5b44c94600479f244f1b052c02a575d62503a0
0x8DF04D551E3f7F5B03a67DE79184BB919A97BbDE,claim,1161425.0,0x1dbe131e22ee61e25f5b5ed655ba675c95ddcdd891c2f6d0a0aeacea29019f79
0x0027D58331121eFa6cfd229291745de2fEeabF38,claim,8333.33,0x58ed73211b19c8f8e9cda5a6e683977b19714c63c7d4891621685813869f695d
0x0dd8DC827334649Dfea81ae453C20f9E12a8D336,claim,10000.0,0xb50c6203fbb2f4a6f1bf020a3d3a5ece7d72018063b088e1d04fac7613d423b0
0x0fFeb87106910EEfc69c1902F411B431fFc424FF,claim,834408.83,0x477b71c076ff2006d8be30095a2d4a8c4fcd013e2b04ee05a70950f9bb387abb
0x17816E9A858b161c3E37016D139cf618056CaCD4,claim,3125000.0,0xc62d0f264ef013c706e5fdbfa565b86df1f81321c40bb15c5696bb8519613d7b
0x97CA371D59BBfefdb391AA6DcBDF4455fEc361f2,claim,5000000.0,0x01eddcb4edd8c336b1e5a8eb9f3c71a9f14011df1db4c5d2c8b2e54e35b9d182
0x22461C8139541D3dBBA5497Afc55baCDfe12ADEE,claim,20808.67,0x5f6e43b6f67ad2dff0f8764c3e8ecdc5f4cbe3d48482919064d0b2847d86c1ca
0x0c6DB38015FB1DCBA91cb824B2f7Ff3bfC4D99dE,claim,166775.83,0x0972c58c8bb04dec647e663c81fc46a722d77383b04eec66a9e3637f852c0c02
0x097b2EECe415AA2A4A7B1e0C310c81ea3eE1e292,claim,8323.17,0xacdfe7a8887ee9137eb568191bc959876988631ee9c2e264429fe516636d5bbd
0x994327dECf95e4252C3f6B85F57061AEC48c5404,claim,41666.67,0x165ba0b1339bb0c196cfa85d3212e4883d55a9ad6e422e48b92760379b195c95
0x28eE8F5Da1d2A74aDAd6C10d1520B21f69EA56b6,claim,8333.33,0x2388d9be7810fd7f684dcc9e8be69aeab1fa67330d84adc0789c93a617074a53
0x8662F71896D5770e2991a2E6Fc1836C5C5bA3A67,claim,8333.33,0x7c6a7747dcbfba04b8b3204074fce7bfc618c6bf33810cd956703b5c892785b6
0xf156f0E79A516F69163743F87E592677fE3E74F7,claim,50000.0,0x9c557c3b3ced2ae7317a4cb6a1db4ca0ea2ba98f47071e219ba1e8dd33999ff7
0x3e078e57ce8650c1f31E02e1733d69BAc0477918,claim,25000.0,0xe948f5da14d9f844be3bed8f37fb758709b22021cb9ee3b4a345b34395f2e766
0xD965952823153E5CBc611be87e8322cfc329f056,claim,3229969.0,0x6c350d552bd8def639adae93fd029d02deb8cd91b5000ea3b778b1111f226353
0x927595973130F6882A6Cf35d16976932C60636e9,claim,8333.33,0x87b51d0f90f402b2139463157b23c66bacb94a9469605642262b8c041c3e3330
0x399CB050E9A95E7ECA522d3866522c4Ae7a77946,claim,25069.5,0xb59b8443e09157c23a865bd40d7b132a56dd5e69ebea931bdc295f08f7013994
0x4ba05Cb5b7e235B3E3d28EeA57632ADe181E3E96,claim,66666.67,0xbea8e9ea177ed474ccf7daf3efb5566fb10ed2315a244dbecd18f05961f78981
0x55A5F913ae82c43f1D63f338a304A0d1AF0F3ac0,claim,124758.17,0x0b6ccc70ca39ed893573c423289d1a2a8d42e2f054934d65778a440ce84c35ad
0x2F0F20fd1F2486BbD829951E4aC533b21b8c7073,claim,20833.33,0x169a2a2f58e2f3532ef1e8a979935a1301d6f16dc185b222a70e7c7c18564cf6
0x042a135bd342910ad7F67bBda74e3fd4125D1272,claim,2250000.0,0x2137d59f346887e110e7ce20b6d016b788bf10a08b0706bb0bf4c969e672f664
0xB615a740099735dCAB28536d9dEa8D6A8B00502E,claim,8333.33,0xa4949f96c3523081074d75e038b96567ee870502ab32e47cdc0f9b3939c36971
0x8E215D06Ea7EC1Fdb4fC5fD21768F4B34eE92EF4,claim,1250000.0,0x7190f44419879512bf8c43e67866ad19d902144bfc44da02890b55ea29154f42
0x1D44a3D90d117C0889D08587b8787B001Fb7DDfc,claim,50050.5,0xd231ed85caa92d6d9bd6c484d062ec7fcd1eed9088f7e3cdb69da333bbf85c9b
0x4c1bcC8F570e9F98Fab0eAE6b14F4df6E90CB8F7,claim,1161425.0,0x862b80b9a1cb51ea488de9fc18cce82578d1855b8eaf11a48661e866abd119cd
0x56E773B0a620205E9f72265b6013b65B84c2c4aF,claim,8333.33,0x95e6240a2799c3d3d43b38410e5f41ba49fd3e4e27d1ab0eafcc892705941a69
0xe5Dca3E2eC99Cf868cC0d8d5dB1EBd441C926B9C,claim,9151.58,0x0ed67fcadb897426a005284c89af755ac5423cfa094945aa1d69b67f161cccdb
0x1cf16bFB364Bd4b11f9F6a0706fe4c2B3aa0439A,claim,415498.08,0xcd75b95e32c07a716f56a1539c98a8c31ceaaa320828f919af26955f68c2cec8
0xaa3e73672061B633C5AFaD5C77C79C473a196C10,claim,20833.33,0x73223971e6644571201d96fa08bd212b855657f6c3d0337a384e47d3ee61fdf9
0x009b6817807c332b9445f5C9cf2AC94631fe876e,claim,3794213.0,0xb946b021a2eaeb98f50228a14cd22aeeed6fdb937975eb89449ddbf5b6527e89
0x0656d8b7b1Fcc09788F4A7B657B38A3A4EeB3f9B,claim,437500.0,0x1434b781424792a977e0ce1d2bfa815e1bf52994274572cb698bd5bb3af07467
0x5cE47eD3B09f4Fc4EeE60E2F40d36A62b92A5AcA,claim,1717362.5,0xb9eb3f8b71b74da692ccb7eb327d5490916b277b5b3b9d36c194f255c829ef29
0x5864824446d298D983E779307b7DB6B150568C77,claim,41738.08,0x2d67b43cdc11fb00b0c04a978e8f58f4f27c52a75380a9a5d679f78d67ff4a38
0xAb9Ff3b61c1fbC40D1ac6610b3b1093805165fb9,claim,8496.33,0x97a9b4c805660f09608d9796c9fd6ff21d835ea0fdcb24656db5a15bd13d2e2e
0x922e1ce088bB4Fc0295d992070B65088307957e2,claim,8333.58,0x8d2c03294c339e302d0656a267dd8b13eafbb96be4063395bc63d9cb1fcc3397
0x0C19A07242755b3F107cfB4C74d236a18548541F,claim,416666.67,0xc279615fea588d91e6dc289d01a23b972cd63db37314ba251e57df0bc41cb46a
0xA739f0CbE727Ca4F6C208ef1152394512131B343,claim,8333.33,0xc7e30fa1d8b8ca20d912c332b5b928e05ab0f4422b9fc1a57d74d97997cb0f8e
0x606c9936A8B5C70061b3464424ab7d45302eF9b7,claim,16666.67,0x2258f46e0380c88819554191c61ec2f5b4976d17e945fb76835dafef1ee3e75b
0x96c1a6300C66223Bdd9fcdbdE71f88c841d7a35e,claim,8333.33,0x9a91a937f3593d53358b1cf3d4a49c9da5d82766912427317e9f3238c33bdd75
0xe4317e0Cd25248f8Beb65E65F36fEB2367CCBc93,claim,62584.17,0xf4b1b0be87e3986b0f9bff72a60ed67633fbefb4fce5263939b00003dc6176c3
0x8761e0DD63d14cf566aCf4b730f3540f164B6b56,claim,2354700.0,0x67a0d281d4f4fd7698dad5073c7234e9c6c1a5882a59160c64783ae3650686d5
0x9c1b5eF5a5CB5a433c436bdD9Cd1b25b380fA823,claim,220612.0,0x1038324663e4f86255f2829341f316a81b51fd3d507bf1d83ee5110fe72f0a6d
0xc91464bc40ec2F8D0dB23AB518A6D94582002e52,claim,41666.67,0x6b4d5a21c21bf91ad8a337ebfa4dba415b542cf90ded3c3c2908f6e45dc7bcca
0x92e201F8e3459678F4237D01e3ab12B9967aEcdC,claim,41666.67,0xba2c51af57ab9166d844c2b48a42ac48860dba60d649b41276dd5b0edc5741b5
0xa1627c2928FdA2AB6f1d58906Bb600dA14E63E92,claim,41666.67,0x6e4bf52e1c0b43b4152a20425f77e745fc1bbb8f770e610671f99f058cf18a5e
0x6b488C6F5C2800c7071Fec6730E8C547b657610A,claim,34133.0,0x1767a0a265a094735c91c62166fc00882cd7d31df160e7fa275e97d72b24e72f
0x4F643fb421F588F5cE3c4aB591e22b04847FdBf3,claim,3541616.67,0x766b3a0e9db7aa63e9910107d845c1942149630e8e26af2b251cbc00a1c9926c
0xE1a88145B06EF94a3744160A120Cd1e8C92bC378,claim,16666.67,0x47e7e0613c8f88dde962d9f72de2b1d410d20e9b2d6d02ac3f30b38f6db94904
0xbb3B1306382B497Dc15CE1b1b01E1773336977dC,claim,501077.08,0xb1624b675fb811d2f01bd6b2963f3a2ef31ce8c3453d4180e5ca4c3de0705110
0xff2bA16FD74389907f4e9Ad808eF6c6B25e7E5C5,claim,187841.25,0x7152d3f8206035739e711a50faa4d7a174fbecd884ada1d3d4f054044ad5a46a
0xB84E945C700990379370a3Ab32B86F9B0b18Ae39,claim,25000.0,0x892759fc983d545e506491af7f755f4b5d734b460d3e20079b15f1973670947d
0x2471cEb7520b926ba02d876cd032Fd020237e413,claim,8336.75,0xc4e0d3ad17aa6c4f68caddf05e64ba0eaacd679b11359b032b83b43dca322b8e
0xBBBDe4D91aFe8d3Bba58c98667198B448A9Ef2fD,claim,21428.58,0xdc50b7c1444df9cc06bebb9f50d5d8208d06d04bf7c523b98b18dd794188c8c1
0x1bd39650266B94Fde58a72C0e2BB17D85708D3Af,claim,16589.17,0xeda705a8bb50a95aa413d8abad48ea012155b10b7879613432319a6e61147ad6
0x5C37e8894bC84Ba93aB69465B5e347B2E86D9654,claim,12368.0,0x0f2ce8a0c9222a40a43b984eee152d12fd1f0deffb3b98c4ac8547199f5923a7
0x94B08d23fCc2bF10FC1Fb58Cd458b9d0F10E003C,claim,20833.33,0x78494f91924dabb48c1bd1435d963b1b30a3784ad5265a6d6cb9a725be35bfb6
0x16F8ABe6f8Eb02b5604a4F451D6775818669cc68,claim,1250000.0,0xd754df8af8c78e0f93470f2c49e17d28d7b8297cffb162d46220332aa4a88ca6
0x8107b00171a02f83D7a17f62941841C29c3ae60F,claim,25000.0,0xce538e94a3899d682f4012e107c829bdee1c4b8b29f4f79f4800fb60985ca705
0x24d87557d204B5d060CAdd81e206428CDb867BC1,claim,8333.33,0xe6f91cff5c9e3d4ec5bc5901a850776b75cfee8de190b98e0450085b4368eb0d
0x1c0cc4bE7698CA091C9687715012F880E7d4c778,claim,265287.5,0xee99fb2373c6619b49336ccbdb2e1fd05675111703d7e1c3f687ada336beea7e
0x3A71A78d1A537cF6571CA6d070AcAd1Dc373C1AA,claim,83056.42,0x1c12bb5d66edb45f19b9c3a04894e8123b9c90b120c52d60445485f8e5ebbf1b
0x81Eb449Be9545537C580632025C2F8B019A72A06,claim,12494.33,0x17ad1e1deae65f1cd6ed836cda5ff5378eb87560661404ee1f0b5a0fc1bccdfb
0x693aEcB51a16153841FCcf9F373d2945dD52b589,claim,25249.75,0x1048ef98e45f1a440d9438ae228036abb2034b7973e48dbe9a3b1e7b6f9b0284
0xF8776401DCaf30d45789175c09e27F5767817674,claim,716564.25,0x3abc71c3e2583a48dfa3899f78d770126e95ecf84feb9c0de5c6526ccc00afb2
0x16c6A3BF25C255930292c1E2bCD785C537791D12,claim,65600.0,0x25d76883ca1a720178034bd0ab23be7e571a4200402f07038e703b946d6fd603
0xF4a7a8Ac9371103Ba2cF0da44c26def634DEBebc,claim,24964.17,0xcd6dcf1494765a245797e4eb2933dd94ddfb620e696bccc3667ab04433188a3d
0xFB0BC7C46711a06b4EA0341383954D573D04B00A,claim,16500.67,0x60100ac50baa5322fc4fabd6fa35ba129afdccf9df1410c56c721cebc551fb30
0xa74Fe665EcFe333aB992Ed3cacdFe119a29FF7C4,claim,16559.33,0xb2602e71d11e629e76c34da58d122734acca5e1496e7bcdb70259f1818d4e519
0x55cCb094871A919c276badf74B7A9077f7B9705B,claim,625000.0,0xa998f3551794464fafb3ed64a3cafed6a1c5d09db95a29a166a462533bb0285d
0x8C5470013E8a5cB343aa192A2D57ac4666ABBdf8,claim,375000.0,0x981094cd980e746e64a6dd32cd5f9ada82b1b791bef87c4b03a9210cf914fa5b
0xb8dE23339852278Bf5fB35D7A02b4309dD83D02D,claim,12189.0,0x77622b3bfc9c96ea4d8196aa3fa685699b0c5b31accb3d213980f76677b9c26c
0x228dEd9e486f8e00510fD8AB64fF684D6f941250,claim,123607.75,0xc2b4d9a3d58b3f0c7f6743333a18ea6fe374cf89bde82f45be4cc971cdb0a00c
0x6975fF63e548D21380796AC199b806865ED2B1E4,claim,150000.0,0xdc6dcf3769706839ba796bc181067f760ce6582b45d57fa51fbeaa52ea6a31cb
0xf676a7c4FF11Fe3909dDcb437F0e86143CaAE0c5,claim,41666.67,0x3bcd3cd21e3f0afe4e20db34ceb37fe47f241577a30b452740b3adc03f53e31f
0xb701f3F8d7fc78e8551cfF0324E9ab7fd0F55ad8,claim,50000.0,0x8586a5c564c5e02ab03f0f79863ee2689557d8eb9a66ef32b5ee169fac142ec2
0x69b02f1752fb403733dBa2235D9606FC028BD514,claim,8342.33,0x218068afcfef16d22866b19b407bff10745601135c29d45f61dfcdfcaf37f904
0x4C1C59DF761A8F45be5c73Db9FaD1229d9B624Aa,claim,8333.33,0xc56718abb40512591a623dc36bc34d581ad06c7722e46cc04882b7581b9c217b
0x91dE1E0C6Bee34903bdf4C08F118A1ad128B9E6a,claim,6500.0,0x40cfa557cbd7c47727e5aaba2212b16f373babe2cb800bdca7cb98035eb73e1b
0x67C7530B9dbFBb29986D0f21147335Ade917b1C2,claim,25000.0,0xa428a06efb70b4c3517c35a4d3ed92cc0f7e2377cd5cc80d0aee51b1411826c9
0xaf5b50cE2AA522D8d9d6F06247ec7d877d0EA3aa,claim,124667.5,0x1f4951f3c421be62585ffe9c43fd1546f1f1327eb4a48642cb56e3c319836d87
0x9d25Bbc9E0371f60252133A955064861b2dc1B0e,claim,8333.33,0x9e4b1a2f196817978a56dcaf7f369426d25382aee8084877647379bad62bb076
0x996D2f60613691f0774a402A551201dCEF9beA77,claim,20833.33,0xba72ee205bb4199420423033f4a2990214c1eafad2641c75b435b345c9466c25
0xa68924ecbb84190CCAB85289134ae99335748A6D,claim,41666.67,0x59cae55e0817b054c7afe2669a2b0b14483be84fe3f16c1edf2fea4a173baccc
0x35B20AdB9358b7e6AB59aac024c2F4DE7d811a63,claim,16666.67,0x2fe0328ab68e2facbebefa48a9fd2543a262da7ff04142e826360c16551222c3
0x34324B893f03DDa964cD783d18E1fd4af35Ae6c7,claim,33333.33,0xae9ac6d44d0caa3b4f8331323c3d79536dddd3ba1e2eea56003e2f122ebe9d5e
0xCE89b67Aec4CaA699ac0D06D5c70bEad8373c8EE,claim,25000.0,0xdd1731f4256be5bc5b5bdc3fae235636d24d9c9a57145fb761dc9ad5761d02be
0x007d2f4FE301922c560D1a752836c4e99e0eD63C,claim,49648.67,0x091ab726796ee910281218cd7043d55030b11c49dbea561cd29dc805b3e72930
0x46F2d8131950759Cc11B3834e6D7018fBf1375E9,claim,83342.67,0xc33639a08398d6578615a17e025df61fc2e8524463c407f073bda473dd757466
0x02b2fD7356A2798bACF929E25963d340Aa41F079,claim,3125000.0,0x05258bbe1fa0a793d0a206bab69ccbed9ac64ea2c09ac135f1094471cdd6cd9c
0x1D9Ff05A4BF7c86a46e517Cd9A5C0Ad5dB260b9B,claim,30052.08,0x25dc54ee67c7c73329e977bab778e9221131959fde07fb1b5d7ed28c3603537c
0x6512264566bF91eFcA43cAd4e4495148511C9EDC,claim,20833.33,0x8b780c1c53ceaf79ac0524f62317dd56db726e06c3b41fef121534bac266e1fe
0xd9A837C2b4166977707Bd514f3D4885FED1c663e,claim,25000.0,0x03bcec0d005a249a36e8bdf766f51fed9bafb8f45cf6f6300266ac0b0bab8502
0xada22cE4E65E85C1a6bD68906Bef8b549889aa9C,claim,50000.0,0x6363fd1ee928b16c2300fea59aea8395420d04b086b50f7f1f7192987d6b4bc5
0x8b3E473FA109b69f9499d3DB24E6d302279fEC9A,claim,8333.33,0x06371a5e86daf56fea7f15c60a3cf5b26fe8c2ac3de917e0973f80e2a878c2a6
0x6f9BB7e454f5B3eb2310343f0E99269dC2BB8A1d,claim,1875000.0,0x233c03791d12f6a9762b72322f7b0c6449e5bcc4c6e65835a44c09f6ba301ee6
0x1A61f0a98eaD2F0Fd3CFa60Ca74556AbB430748A,claim,937500.0,0xf6759c8c3cac7f92b4af918668268e6c4f3810ff9ac0aa8adcc8ab0f7b191502
0xDc25C4345d54e2662Fe1c832faD4f7e5BAb33CF3,claim,83333.33,0xa26321f153e5c55be9666334058a3edfbbfba9779f111346abdc7c5a1debc1ea
0x2514e24C146744CE579bD02f80Ac3f9B4A5e79fE,claim,8333.33,0x284c3bbd14032f7f6bb88442956f93b698fa171e4260c5c4444635d79ab3de4c
0x31075dC0e7f90d409f0085ca527b6a67273EDc0E,claim,41666.67,0x19442a1397ff153a228d39ceedf87f34b503479a395f2f52f7e8c472d23bd0f0
0x1cACE9830aE0174757a179f10d533E5FF9dD661E,claim,208333.3333,0x4c2b31f9d6134ea8e62184296914322ad72157bc9381c5e004028abe82aa1518
0x0857a92D26bf175F283a60C263c8348d876aA37D,claim,41666.67,0x78cf4d0f47867dc32e4320d91ea74b78cc1fef887abf9c3fa758aeba1d342be1
0x3865594502572cA4C8ef3fF4119E80D09ab7E5a9,claim,8333.33,0x3ab7bfd6d0fbae8764480d563e373a49610c83524b370a6c82e38db8a1bd0c2c
0xE3Dcc51dE6b75d8945302fc4b6e328d9A65ae0C1,claim,10416.67,0x0806e7878a6505a5104468b0a56846e483d8e826112637a8d2bf90a95f9212a2
0xa536cdfE5A1F564FB70D86599E345a0A89FB75e9,claim,3460537.5,0x20383364407f111af08cdb981641181aa0d7bc0379fac1c0446ae430cbe36743
0x80F5FC0bdb33aA0f6572E06CDC726095c15B6204,claim,116833.0,0x9cd6b45daa15f571b5dbc88fd99e5105ede73ae9c5a26ca75edfc151df819243
0x60A3B31f7e81eF2bCFaFEcF93500C4A6225d57A0,claim,116833.0,0xaec2d2972f687db7d86542e2c84234493b4bb1a32516c24e97bcf112b4a07df3
0x2D65C0B4528dfA607611a0B2c1eDc32fB0B244A8,claim,1427450.0,0xd330a6fee1a412c6277494f04d908aa7bbe161613460bfc9e75697f39b92471e
0x4eaCfBEeCCeB46C30b525eB00486e0D9D215538C,claim,1054112.5,0xebe56bf88ab0fa2ed0411e2199e37d434cd65a6f2b234a71e2fba3315b1c3eaf
0xfDbE2fD7d3a22337Ac9D5594C39196284386E8F6,claim,83230.75,0x4f493ca42c99f97f433b525b310a184f4854a14a98cba7e4a9dc69cb139d9ac8
0x678fb21b9736e6c7Da9f7d37a77Ab766bb2519c7,claim,4672837.5,0x4c27a24480b4a8a22900ebdbdc5bfd75a4ed670995ba5fb9eb3d0b528bed1c30
0x4245048CddA4B64aCCC5b50Bc7b0E7BE40E44cDa,claim,1250000.0,0x75ddf1502857c81840fecbf0abb75017627d0f741c7a3cee73c866980ceb484c
0xB424704c8b5048C3b8a81f930D98DA63E4eAaCe0,claim,10009.83,0x94deaaee2c1f502dfbff225207cdc07576e2647f626c4c6623c26dd912d9924a
0x58f5F0684C381fCFC203D77B2BbA468eBb29B098,claim,12500000.0,0x19312f7d4dab4726fef8053cfc2e02dd4ec151f5c968e2ce9bbfef72d460ba86
0xefe65FfBe16e5A6017B3A3B0d88179f2C4Cd1C38,claim,8333.33,0x01bf25d881ac38acaf700de1a16d6607c7ca58ff656697baabe1eed99eb25ea6
0x11fB30bf2aB6dA69315C2C4185C2Eab0e656145A,claim,4166666.66,0xd5c5e2e517cd141d47bc5c069a617d095920e26df077974903c1532b2040e06c
0x74B9Ee01EA740c5D61E3868DBFD5aBe504269ae6,claim,41676.08,0x242f57bfacaf1c626ca8f7153223ca56b384541c9ba4a9cf1b162670f45e5d0e
0x90cc74ECA2A96bD47418d75E523Fb5FB450353f4,claim,12500.0,0x0f776798f80ccc252a20aa718e818c625a2e5d937262788738d897509a16514b
0xDAef46f89c264182Cd87Ce93B620B63c7AfB14f7,claim,8333333.33,0xdd576acc2c036e36b39fda6fe5c772eaa1c9fd4bb1e3626fb000f6fed441006d
0x0b04b75D4a93A01347551552e441aE3Ed71f3bf6,claim,41468.25,0x6c68e96c5fe09e11cf97c525b64b7adffabaa14d9769371799e78ef301a4f029
0x1824DB66aE6D644F0BE2aEC44eb0638B76e9A6A7,claim,25000.0,0x9dfce78d5929e57ae4d509943858ad96ba1de78b2e0113d870a2b3085ae953ef
0x3AAecBA73BFF31D97cd2662EfBDd98EF6b3C9a7b,claim,8376.5,0xc07ad54518694d92f972ba1dd9d5f5257e65b5c1a6df2a5eba6ac6880379021d
0x83825A48B884DE35D1032b119069606BC850F586,claim,133333.33,0xeb0975b105e4b99c636e79911314c1a784b209d30eb91bb798c50fa82d764204
0x38C50e55F3db51964b6D15dDDE5d204AD2cB9043,claim,12500.0,0xfc142c2e3b0222d5664e907470c74375068c2a39ac18a16c8387c1adad1c8a53
0x844b0555d863743Cf811A1EC022535C92E37D578,claim,8333333.33,0x5271ad35dde27870490e7bbb51c3fd5426cf352c2fa20f903bd54dfd5eaf9602
0xf0CC8CF022C22D27dC2813a34e71bbb53C24AE69,claim,166666.67,0x46a9241a9e8c41ddaeffbe6538ef14a216aa509f0b73a76e4d40e1f88f16c106
0x7D6aD33390cB055bda47705dabAC87D3f488a427,claim,416666.66,0xe881ee8869c1011e19e02a8b8d9590b17c79e8b28cc8efce364152304beba5ec
0x5405E1bD99C9C21E408774274F6F1A17607DCfb4,claim,208862.17,0xb83a6318865ed85fe9a500d2d51ac17eabc89bc38efbfc1265b00f2b9fd42dc4
0x76EfA1F2E50cCb246E9f65536DE4e6FF11818a43,claim,4745550.0,0x59b90c80229396da692b3160c2729998b00e4bcad20ecf58752dc60933879448
0xb0d4f6E7F4ba4a7A4F6Be4A8C41C98250d3033B1,claim,41676.58,0x2ff29b05233cfd2c8d67cf58c250b8c1b9f5c158ce15b110ece296c9ca3698e8
0xeb7bc8F3745d584087fD2402590A8A4207A703D7,claim,1666666.67,0x805a7af359dadbf15734ddfa4fba25f868722078b65a01186f91329000a6a2f0
0x163F83e4F93aBF8360492e90D471015108D0B816,claim,83333.33,0xe2452f9637f4d5215dfbfd4a2b9e98e691207551d1b6c2207c2b6223f6b8e057
0x2ce5f9f52C1eec9a1183f91139C59b485Ff39dAd,claim,148544.83,0x6fce97b0de6a49daf652624c0ed135f22aa963e4a1ace30a19019881606c5628
0xA91Ff1355ad3bF8938E5f84594F31F089e76d1A2,claim,41702.17,0x6d59ca5675ecf6b70d82aa651197342941dd71a998186a2dfa405d3ce7e7eb5d
0x04b0e8Af7fDECb98CF49143cdfd5a938Fdb39940,claim,8333.33,0xa7c72afc129b6be6045063583c2bc073df8acdbfd15f60e56938e60d0aec6de7
0x93Dd827e992Dc9F9265E07Bcadd530B66059d822,claim,1151388.0,0x83406fd05609e7627ce703ebd721b6a254034655282fa8322a5cf4d9bc033f9a
0x3Fc13A10C51c1dbDE6108425F2f7c8007c277EA3,claim,10000.0,0xd0d4bcbb66872ade4e0404302d7f127ee2f60704910415b76eb60b4a67e4fd50
0xFE3795F64a743d3b9a08f50C4115EC119Ac9A9d1,claim,61428.0,0x7500a0961eccfae95a692447159048071dcae2282178b02ac18f92e17b19e12a
0x7C8879c0Ae2813571c08a005538492e77cb21233,claim,10047.17,0x02b19524101f81011df7a7c43ff28b6f0e8aa43e545f47a0ed2cb70fcb930954
0xdF66B496D5e4D4414aB46D08b8160149B3c08b88,claim,9157.17,0xea9d06904a216d12506d9a8e12f25b9ce2e3f10803a2570a9664378ce2de86fa
0xacd50Fa916A38837341EBc5e4cE0a82847B2dD67,claim,1000000.0,0xb45887be1acb1de191096e3389c5b6f39a61a9c2ef627b0a356d9eb192176072
0xa79e9511aa19C6fa4eBEDb60b2Eb92e503753615,claim,625000.0,0x6fea0af24e7c4754a768f5ccdcb69f3aeb24cc8ef111e3d0aca119ad18e0715b
0x0B9757227638dba2A9D924857338909Be9B98C31,claim,25000.0,0x7a7722fbe9b87a54fb92391001a754998cc33936686721a505f0ef3496078af8
0xB2155007984F74B1F5c7F0b959D487F99eDc4307,claim,3125000.0,0x45ee8a9c8cf0a76e8774c636431dc09ccd0e9dbc0a3959e10624b8a3e3905745
0xd16F7204A749143d1D1B4Af1A8159c1625d53Cf1,claim,83333.33,0x2ecddbfeb80f043e2723e493fb4bc19c74675aed7b85c52ea4784bd93b6921c5
0x6d22C1d04558f55A94c892612c6752B5aA916E49,claim,16712.75,0xd21894b1ac0d60559c9c2535abbfa4db1106ee9cb27d17c97806baa4b6975048
0x8Ecb1918ADe6F5003B559f7aEEA807358BF787DA,claim,125000.0,0x8e162cdbb522b87de4e0084f2fd3dac18bb463010450ed25226e5de2d6032759
0x154a069D6B08e9228E1f0929CB2d01AC68E21Efe,claim,8333.33,0x74030f35e57b18714840d35681bdfd15d11de7bb99c45ce2c3a039d3277c3875
0x038c5A33c052212350A287AbB7e1C6c16c3977CD,claim,8333.33,0x2bd944a0c4f39bad76b0724b4a10f762ee495da6e6070be8d49a43b5fe69b984
0x788550D00579F66c06ce209D14056C8F2c0A8188,claim,100000.0,0x79d27cfb8b8a9681c46f63a424495b465695e21a99086b0a906ead1e441affcf
0xff6F141bfA2356E94B77662545aA56CFB2b054AD,claim,1250000.0,0xcbcecc3ad1b4152aa9cd63880557daa516930c6b3628f9a63ec4a992c7f87994
0x4020DC404D9470E0F08D2E7A8d6eBc54035CF42C,claim,58372.5,0xe0b5684d48935e20cee59a0618a019670c5b840aa8d23971caeb6fb837c755d1
0x6cb3fB57968EF19db20a47A0a60B54872B29F426,claim,625000.0,0xf6bd0a1ac47329c0fa58a44dc79e47f3a8e954070b2bfd36c1d504faf0f07f4e
0xA216208daB8AEbA66080129Db856F4A84F0f809a,claim,20764.75,0x316124ede8aca86aff5d88c07ac2ceedb5ac897cee491a9666e62400aae18cd7
0x9978970b369d93be385657766De6acf45D2D465B,claim,8383.42,0xa68df1ec12a4a126d39b5757877fb7b8ab1dd5cf13e346b0fe921d61d45c1c97
0x114b32C82776A87eB85b62850EB5e7dF8961B1Ef,claim,11666.67,0x00149d62e394d03a17446a5ada99c37696e677cbd78b6324958645138c0be06b
0x1F6B9Fdd2286bc601c3c609d70EC137602746E63,claim,8335.42,0xe4814e0f67a1c102065a8a192aea9df4f1d0ff5ae49301307bb54a102d151bc9
0x8E1B7E5EacEd1544e5Fa0860cf25015702512339,claim,50000.0,0x8bae5d083ae2c1176cbf0ef476738fe23f4e5e3928e282638f6f7ee43aa6b491
0xb73c7F87CbB2051561Fd42135081885AEc9f2ecb,claim,413100.08,0x188ca5a1457d4d8bfef3b0360bfa1fee3520f4a5dbb219f4694301258f984e05
0x0e3b19dCEfa1EB766394Dd533AAF1e996423AAbf,claim,23853.92,0x7736fb682bf1eedf0f57e24c043fc58de51f7f03f598a8afcf7fc54d2fafdde6
0xC70cAC5d6B7a758f7589E31093ba57d7c902218A,claim,66666.67,0xdb2a961c2552b43de6c4f8916a0ae18d37f91ae28fa6b4984bed01efd14a1628
0xF18A8C841104921cFb895f32593096ecF4759F75,claim,17019.25,0x8c684cdd784ec287c7069e7c7ca043f2fcefaf817d237e0deb5b4b63b53584ba
0x96045a68efebbD00F9507448185CC2A5f44C534b,claim,21054.33,0xbc908a6b2d13e2cf5e909f42f0646a3b23002571ed4368bc666632e04cc93d35
0x95752556Fa55F7a2F9C7cA426fB1E889E9210423,claim,100000.0,0xd858ecd5ffbf0fd39a4b59d93172178281fed00697fbf1b49ae415b5ebcef310
0x0ec24fBb8c5F18a482c5CFE29d772ca77AB49143,claim,16666.67,0xcfb7b8276ac86f4583420dfaf74007c3bb8fd4bd622eeb59218ea9f376653f50
0xD707841A6FC4018ea3ab912554027b3008CD690A,claim,2331025.0,0x8990c3a84e3a7fa84e9bb5cd0ee82afe2ceb184143da913e505eda0b975b007b
0xbC904354748f3EAEa50F0eA36c959313FF55CC39,claim,24994.08,0x09c406f55d8c66995b205bab23fef7539190d8419ec64afbc95ecfc063d2bf79
0x42a2add2F0c8f278d65Af110931d94f934678A0B,claim,25000.0,0x735223442efdf0c5d125e7b0567056aca8773c167e229221e5c3eb1f92dedb69
0x49549e1e29a26f5Fe1C2Af5389cDD31B1F49353A,claim,8333.33,0x96fd5efbc9a360ecd9ac325faa025f9c34933efeda798dc3383c2633d05d13e9
0xA46E7fF03B17DCEE999Be034C4aD0D9E87Fe521d,claim,416667.0,0xa9699ec5b0478cb0764ac8c43f352f8c1c7fb0eb5778c0c0002d7d1735d85e3b
0x27c1ceeECD1cbce7C45e472F5CFEec6525a7d754,claim,41666.67,0x0e0760269bbff38505bc0d3a514258a68668beda997d5b0db88ad220db21b7a7
0xb38cE8222Faf25908940979C009EF741a642E7Fd,claim,100068.75,0xdcd61b7e19704bce3383473bad123220539c04f14e7912e9ca5127fee579e931
0x9d65298771Aa4b981D50Df81166a011312C6b9ff,claim,16666.67,0x4d68d8f522cffb539250d7178c32b94153bd34315211d82f766284fc3f42ef01
0xcB726F13479963934E91b6F34b6E87eC69c21bB9,claim,41669.17,0x3f4cca1552f6af49c536c20e2265e2d80cd7a4d4958e392c0270e9a08f4fcabf
0xA0eE9029b482ca7e13Cc9368Ad480c670803e957,claim,41666.67,0xb9cddeb286372e2bfce3bae13f97f035579f02e16dcbb137f8000421d9c4a2e6
0xa95Efe8672144c036895d568ca1eF269abcc9849,claim,39218.5,0xe4a594f249e0d85a65546e294f41fdd17af40671da17e1eddbb4756d84035c3b
0xc1e450dE22b7d5A8d0cFf2Db7dC7d87D8AedEA1D,claim,625000.0,0xf75bf2ec7ab7be9c97554a25c3310e8e307a4b3d1d5c44c4184842a3a81d6ce8
0x97D3928a58cB7308fa7A95a1756111c3E633Bf67,claim,1500000.0,0xbc258f3c102bd4ce9a00dc28e898d4010da538f44866cada58949adb305fac69
0x2A6A6c5160005E99541A17a0625C004E1Af47458,claim,416667.0,0x0c985fa59bd4e95c9b696051c86fcad820403d1691edb4f3d7cd69bfd2f70b51
0x4C52e7E8850Bc4C4104C354C740684d01312151a,claim,124678.75,0xa8503f3968fc3579e41b81ec49a1b7d2a433809b824c91ef98e831f463b9ad64
0xa3bC1eBEC7Cfd075359E67dF5bEe98D159303932,claim,12543.67,0xd4d364d0a777581c78fcc2a71a6796e146a8a3e80f28e80665ec1f2df19f54f0
0x28C1F45c8f92586EB4976Eeae22d65E897F9350b,claim,50066.83,0x70e1c685a0d7eb92b212d67bc361f72263c0cc17213f6e045390f8094d9e970c
0xF28A3dF93A2Bf900fce19e782dDCAf967DC08302,claim,3125000.0,0x01fcd2b85361cb1e06c91183ed183b703fba4f2ba3b45ffde15926028be34b04
0x2fA57186D6e07E2F4c83e03808fD48833c2e5850,claim,54166.67,0x7fc4ce5faf1885f0ce08edac4344884881c62a49c3257471f8fadce9ed7f877c
0x65B91D7ab661226d151F5aF65791820525c5FEda,claim,62559.0,0xb0c95ac972cea44ee73840eb149486ca9c2737347602d6b4f6bee9111cbe8b17
0xBdBABa3D5eb1089f82c98dE6738C2C837A1DFF62,claim,125000.0,0xe60033e8d26277adc7ca29bdec1a0de70e42946efb67288af23da1b66010b05d
0x0EDb53AFDfBBfD2D07c9A88e2F616A210b3Fe5FB,claim,41666.67,0x0f405a69e8181a5a71ac4529c13860c9fa8335c5ed5eb4c174f8794e70a32691
0x2AB66cE94436c80CCa1B45b404fe681e4c96fFb2,claim,4002894.0,0x2095fdc10ff6c25a33010b344e64081d209d3bbed00f3d713dc20dbcc5abd7c1
0x74B9B586Cb87B77106557bd843CC6BE52B7bC0E8,claim,39666.67,0xc62a73a5896b456e8f6a3c363de7a449e28a683a3e9bd56a1bc3a5e737ca2228
0x22687280e3df4178D59215892010eb5ce1a23C97,claim,166666.67,0xc6a07f9c43abf2a6625ca6f72624a0c7f0b7fcbd83f3d0f683c3c1ecfd4a7013
0xfE9878FF232eE9AF969c4Fa839c228d1A22D3709,claim,100000.0,0x93d5982583240a9319b2d1766845d96e58fbe17e52684dcfd3b953e5087505f3
0x50307Ac32a852730ed4A8fCe7A8C3cA72C7638Fa,claim,8333.33,0x6616ea0d1442667e459f94404b2cfa40913ace0aca8e595306fed07010440d12
0x42A89AB80CE28d501421Bea84F03C69B228Fc850,claim,16543.42,0x8ce2c1d6760abdb654bceb532ec88b1f704b9b53c183c6499a3591d25a1bb44a
0xacB46B4B7a86ef2B2f748eBB67b53689b688181C,claim,8333.33,0x1d56f5708389191a4a1d500d9b2a2e8d5dbdb2f772710abc455ba995c2da940c
0x4cE7a85414f4c69CD630BD7dc65944C8C40d7B8e,claim,6250000.0,0x5b0ac8fef4c75c2fc49a1128ce5bb40c8cc2ff122da66407100f5f3cd7a9e3ac
0xEC7A8CBC4A57eA480EF848596BEd5C2Aa5979Ca1,claim,12484.75,0xd58914904dbc368bcb237fba665bff146abbeb7f7a8c7a345ebddf7792479f3b
0xDe61c76FF71AB98A862c13Df1bD67f7bfd9A67C4,claim,8333.33,0x4ee363c9712d9cccf5c9d5233de50c5e6d63790e865088f44726ea5176b769e5
0x0e88CACb8f56e36678503886A1a09138BB0F2b0D,claim,33333.33,0xe854142d79d6d9d7ca2bf687ebc792e6f49abcf312d06b8a9e90f05792ded821
0x0062Bcd4CBb3f4501CAA19A2AbaE06C7dAD957e7,claim,416666.66,0x1f76b20857acf68b072ee2ebd30e853f48be5710302c64af4cac60dbe84c7867
0x40D104a6a18f137a6A882D1E322B998A5c47968F,claim,1250000.0,0x983f3439b9f5948b41c341b1d5d8197e4baf31779c681fce92565fb54f4915e3
0xD79Ee3be5E0154Cd7540A55cc4f7E44D78a38B6A,claim,250000.0,0x5b49e3b37abd37fba9a7e53cccf8f5c16aae75470708367557d76e8d408ea3ff
0xfE0b65C3acD3bDf1ecaB242AC857F73424C55D58,claim,16650.67,0x5dd33a862c11e1e3a85e8235bf0cd7d10df9cc6ef62b38f30b70f62de2a2a99f
0x2f63916b81403F919Efce91E31EA3e5E3AC43700,claim,937500.0,0x1963c4c64541dbd797e4b62581fd42e07e45e80db858faccad5e527fe49ab069
0x2B295eFb994b0E0585d96393D65B8511C64fe447,claim,8372.17,0xc938e24985e14638758c8f752f5f5c201728ef7c2c7421ec313a0cfb14acc910
0x25aFa567503939E17F26Ec60C180B4Fbf5074016,claim,200059.83,0x614ceab56341963c835fdf513777d538ab208a729ebfb1130ee6e67fb0a57f20
0x2C344212f62ae8b5CF33437c45865eaAf3eD3aE3,claim,416667.0,0xc80017ffd1d3f7825f6b9eed739156020c3d5d14cdf928a93fb6a9cd7eb90d17
0xA2a31C957573C42e505399971f5d196C8701c1Df,claim,12500.0,0xac10455764ad352fbf1ec8eeb295863718d2670625c60fc3b99ae59ce264d415
0x7D7e8dcA3C03Fc6C9D2C8f751640FefE4E7791DE,claim,8355.83,0x2e82dc270cdb0f1f98fefcd2e2ed5742a6ef1066c2c9e4342cfa018aef6bbfe5
0xd6770f753D0b62C9570D772fD7873cB5bAe1a2e6,claim,33333.33,0x995e2b95c2b1484b3794f123ed6bae3491a8619a13c04302ba1d9d089e99e566
0xdce2C3531b220d2a1E97C15F5B5cD1B28f6701DD,claim,291666.67,0x907c026258875a5256a00096d6243e9235b8e920c0d6b27811d098b3a91612c3
0x37fa58e2e19c112DE48e8735E9ADCB2bE5acD779,claim,25000.0,0x207443ad1869c73b35d95a2b796b7f7a8d2d173be4eec0d6a92b73c4d90db702
0xc8Ddf37D375ef2453544C9AE4Dc2Ad821af42B1C,claim,8333.33,0x134c157e282fba5bcfe1059144662944409a7ccaa6bbad129bcb474771565fa3
0xa4b97F742416B0C31e4a44f6fc70DC710bE3A07f,claim,20833.33,0xa4bb7000f6e4c2deaf9b90e4fc2161c465f5e271a43778c024512fee01599cdd
0x4A90092d6E41442d65f53EB719EF902A0643AEaf,claim,83401.25,0x7cb0ea8db571804778bb1ea82e55cef8d165799938d8cf906d9b97738214d045
0x2A3524f9369C223717FA23272dC6Bac97CD81d99,claim,166689.42,0x7babcd75fcfbc5685c4bc5b6282f8d9cdfedefb19004ab63644d9ede78c9c999
0x40b3eE54dFdC37d0010ac94E790a76d423656e26,claim,250000.0,0x6b45be04da6670f68552cb646d8ab7f77d2fa5554717c1822da1d30d078aa3e4
0x02137c578891B3eFF47bDB95B63C8D2DcDC6f163,claim,41666.67,0xa9c8c8c02682e2fbfd6dc51a16e6167275571dd0d7895c998b6c64ab2bbbb658
0xE10E73e8543C6Bb93DB6f312b3D9fD7Ca046bF54,claim,10000.0,0x0db64d6f7843cff2d363736413f64f3299ecfd489b7b7339f04433602f5ec94d
0xFC516b9DE5E601002C98d85a8984EE100D44A08e,claim,666666.66,0x1f9d4f2fff4610af03508c113fe59df84853ae6f28c50d0471a3cf9d25ffaac6
0x0CDe85455F818CB9aAD901E5F2DF9676cb3dDBF7,claim,100104.08,0xd72cb5aa0bff15ca035c65d5583486e8f88f68164dd813d5e9de350ee65cc0ea
0xE6Ec993050B9Bd6fcA7e6AFFD4ADfd94227c90C3,claim,2083333.0,0x264627f47c03ed9f48508d4d5bd1c3284f847212e246ed7b69b7e86eea3fac86
0x365A0FAEa7642374a8B9c0354a06561ED4F85580,cancel,1.0,0x481842fcb7b4a22e08b5952ebde6a3aa0e54f323b6a0cf24591aa6e1094135cd
0xb4b787d47b2843d1448E970fc544694f4B93Dc74,cancel,2500000.0,0xdd6bb073d1e6c5d135d68880f7ccc40eb6c70418d3d9387969ab6ab6975e5661
0x007d2f4FE301922c560D1a752836c4e99e0eD63C,cancel,50955.08,0x679b2730938d077e59fd30815ea8ea0eae1abebe33dd73552b19652a90361b27
0x3E33292b58036858b3F39345591077033C1D765c,cancel,145824.67,0x4fc36dcb1f0349ea5987a8c31f0363fe04d15141baf696b3969b95046bdbb067
0xDcAfd5fd56F98BC43B6E79Bb9E009e2A0c6f5123,cancel,12500.0,0xa474fcbe4d7a13cd3aab38060593dc0babc44807fc22b74bebadf71d58b8d85c
0xa183b917B252abAA260360445b820bF0776269bE,cancel,2083333.0,0xfa8d4ec3b7bed6780df44afc53d9a5a0f8468c4ce92c6414a73c98e2ce6334fa
